qa_0041;hoi_dinh_nghia;dai_so_menh_de;Đại số mệnh đề còn được gọi là gì?;Đại số mệnh đề còn được gọi là đại số lôgic.
qa_0177;hoi_dinh_nghia;dai_so_menh_de;Chuỗi lũy thừa của hàm giải tích g(x) hội tụ tại lân cận điểm 0 được gọi là gì?;Được gọi là khai triển Maclaurin của hàm g(x).
qa_0180;hoi_cong_thuc;dai_so_menh_de;Tính chất tương ứng 1-1 nào được sử dụng trong phương pháp hàm sinh?;Tương ứng 1-1 giữa một hàm giải tích và một chuỗi hội tụ trong lân cận điểm 0.
qa_0210;hoi_khai_niem;dai_so_menh_de;Sự mâu thuẫn dẫn đến kết luận gì về giả thiết ban đầu?;Mâu thuẫn dẫn đến kết luận giả thiết ban đầu (giả thiết phủ định) là sai.
qa_0121;hoi_dinh_nghia;ly_thuyet_do_thi;Dạng tổng quát của công thức truy hồi tuyến tính thuần nhất hệ số hằng bậc k là gì?;Công thức có dạng an = c1 * an-1 + c2 * an-2 + ... + ck * an-k, với c1, c2, ..., ck là các hằng số và ck khác 0.
qa_0122;hoi_khai_niem;ly_thuyet_do_thi;Để dãy số {an} thỏa mãn công thức truy hồi bậc k được xác định duy nhất, cần bao nhiêu điều kiện đầu?;Cần xác định duy nhất k điều kiện đầu từ a0 đến ak-1.
qa_0128;hoi_khai_niem;ly_thuyet_do_thi;Khi giải công thức truy hồi, trường hợp riêng nào thường được xét trước để rút ra kết quả tổng quát?;Trường hợp riêng với bậc k = 2 thường được xét trước.
qa_0129;hoi_ly_do;ly_thuyet_do_thi;Tại sao hệ số ck trong công thức truy hồi bậc k phải khác 0?;Vì nếu ck = 0 thì công thức sẽ trở thành công thức truy hồi có bậc thấp hơn k.
qa_0131;hoi_noi_dung_dinh_ly;ly_thuyet_do_thi;Nội dung của Định lý 1 về nghiệm của công thức truy hồi tuyến tính thuần nhất hệ số hằng bậc 2 là gì?;Định lý xác định công thức nghiệm tổng quát dựa trên hai nghiệm phân biệt của phương trình đặc trưng.
qa_0133;hoi_khai_niem;ly_thuyet_do_thi;Trong định lý về hệ số hằng bậc 2, nếu phương trình đặc trưng có hai nghiệm phân biệt r1, r2 thì nghiệm tổng quát an có dạng nào?;Nghiệm tổng quát có dạng an = α1 * r1^n + α2 * r2^n.
qa_0134;hoi_khai_niem;ly_thuyet_do_thi;Các hằng số α1 và α2 trong biểu thức nghiệm tổng quát của công thức truy hồi bậc 2 được xác định như thế nào?;Được xác định dựa trên các giá trị ban đầu của dãy số (thường là a0 và a1).
qa_0135;hoi_khai_niem;ly_thuyet_do_thi;Định lý 1 về nghiệm của hệ thức truy hồi tuyến tính bậc 2 áp dụng cho những giá trị nào của n?;Áp dụng cho mọi số nguyên không âm n = 0, 1, 2, ...
qa_0136;hoi_ly_do;ly_thuyet_do_thi;Tại sao Định lý 1 về truy hồi tuyến tính bậc 2 lại yêu cầu r1 và r2 phải phân biệt?;Để đảm bảo rằng hai hàm mũ r1^n và r2^n là độc lập tuyến tính, tạo nên nghiệm tổng quát đầy đủ.
qa_0138;hoi_dinh_nghia;ly_thuyet_do_thi;Trong định lý giải công thức truy hồi bậc 2, biểu thức an = α1 * r1^n + α2 * r2^n được gọi là gì?;Được gọi là công thức nghiệm tổng quát của hệ thức truy hồi.
qa_0140;hoi_khai_niem;ly_thuyet_do_thi;Hệ số c1 và c2 trong định lý về công thức truy hồi tuyến tính bậc 2 có đặc điểm gì?;Chúng là các hằng số thực xác định quy tắc của dãy số.
qa_0141;hoi_ly_do;ly_thuyet_do_thi;Tại sao Định lý 1 về nghiệm phân biệt không áp dụng được cho mọi trường hợp của phương trình đặc trưng bậc 2?;Vì Định lý 1 không áp dụng được khi phương trình đặc trưng có nghiệm kép.
qa_0142;hoi_noi_dung_dinh_ly;ly_thuyet_do_thi;Nội dung chính của Định lý 2 về nghiệm của công thức truy hồi tuyến tính thuần nhất hệ số hằng bậc 2 là gì?;Định lý xác định công thức nghiệm tổng quát trong trường hợp phương trình đặc trưng có nghiệm kép.
qa_0144;hoi_dieu_kien;ly_thuyet_do_thi;Điều kiện về hệ số c2 trong Định lý 2 về công thức truy hồi bậc 2 là gì?;Hệ số c2 phải khác 0 (c2 ≠ 0).
qa_0150;hoi_ly_do;ly_thuyet_do_thi;Tại sao xuất hiện thêm thừa số n trong công thức nghiệm kép của hệ thức truy hồi?;Thừa số n xuất hiện để tạo ra một nghiệm độc lập tuyến tính thứ hai khi phương trình đặc trưng chỉ cung cấp một giá trị nghiệm duy nhất.
qa_0151;hoi_noi_dung_dinh_ly;ly_thuyet_do_thi;Nội dung của Định lý 3 về nghiệm của công thức truy hồi tuyến tính thuần nhất hệ số hằng bậc k là gì?;Định lý thiết lập công thức nghiệm tổng quát cho hệ thức truy hồi bậc k khi phương trình đặc trưng có k nghiệm phân biệt.
qa_0152;hoi_khai_niem;ly_thuyet_do_thi;Dạng tổng quát của phương trình đặc trưng bậc k trong Định lý 3 được viết như thế nào?;Phương trình có dạng r^k - c1*r^(k-1) - c2*r^(k-2) - ... - ck = 0.
qa_0154;hoi_dinh_nghia;ly_thuyet_do_thi;Hệ thức truy hồi bậc k tương ứng với phương trình đặc trưng trong Định lý 3 là gì?;Hệ thức là an = c1*an-1 + c2*an-2 + ... + ck*an-k.
qa_0157;hoi_khai_niem;ly_thuyet_do_thi;Giá trị n trong công thức nghiệm tổng quát bậc k bắt đầu từ đâu?;Giá trị n bắt đầu từ n = 0, 1, 2, ...
qa_0158;hoi_khai_niem;ly_thuyet_do_thi;Định lý 3 là sự mở rộng của định lý nào đã xét trước đó?;Đây là sự mở rộng của Định lý 1 (trường hợp bậc 2 có nghiệm phân biệt) cho trường hợp tổng quát bậc k.
qa_0165;hoi_khai_niem;ly_thuyet_do_thi;Trong trường hợp dãy số là hữu hạn, hàm sinh g(x) sẽ trở thành đối tượng toán học nào?;Hàm sinh g(x) sẽ là một đa thức bậc m.
qa_0169;hoi_khai_niem;ly_thuyet_do_thi;Nếu tìm được m sao cho hi = 0 với mọi i > m, bậc của đa thức hàm sinh được xác định như thế nào?;Bậc của đa thức hàm sinh chính bằng m.
qa_0243;hoi_dinh_nghia;ly_thuyet_do_thi;Định nghĩa đồ thị đầy đủ Kn?;Đồ thị đầy đủ Kn là một bộ gồm hai tập V, E, trong đó V là tập gồm n điểm (gọi là các đỉnh) và E là tập các đoạn nối giữa tất cả các cặp điểm trong V (gọi là các cạnh).
qa_0244;hoi_dinh_nghia;ly_thuyet_do_thi;Thế nào là tính chất (i,j)-Ramsey của một số nguyên dương m?;Số nguyên dương m có tính chất (i,j)-Ramsey nếu với mọi đồ thị đầy đủ Km mà mỗi cạnh được tô bởi một trong hai màu xanh hoặc đỏ, đồ thị đó luôn chứa đồ thị con Ki toàn cạnh màu đỏ hoặc đồ thị con Kj toàn cạnh màu xanh.
qa_0248;hoi_khai_niem;ly_thuyet_do_thi;Khái niệm tổng quát hóa số Ramsey cho phép mở rộng những thành phần nào trong ký hiệu R(n1, n2, ..., nk;
qa_0249;hoi_khai_niem;ly_thuyet_do_thi;Trong ký hiệu số Ramsey tổng quát R(n1, n2, ..., nk;
qa_0250;hoi_dinh_nghia;ly_thuyet_do_thi;Ý nghĩa của các chỉ số n1, n2, ..., nk trong ký hiệu số Ramsey tổng quát là gì?;Các chỉ số này đại diện cho kích thước của các đồ thị con đầy đủ (Kn) tương ứng với từng loại màu sắc mà ta muốn chắc chắn tìm được ít nhất một cấu hình đồng nhất màu đó.
qa_0251;hoi_dinh_nghia;ly_thuyet_do_thi;Định nghĩa số Ramsey tổng quát R(n1, n2, ..., nk;
qa_0252;hoi_khai_niem;ly_thuyet_do_thi;Tham số r trong số Ramsey tổng quát có thể nhận những giá trị nào?;Tham số r có thể là bất kỳ số nguyên dương nào, tùy thuộc vào việc ta tô màu cho đỉnh (r=1), cạnh (r=2), hay các tập con gồm nhiều đỉnh hơn.
qa_0253;hoi_dinh_nghia;ly_thuyet_do_thi;Định nghĩa tính chất (i1, i2, ..., in;
qa_0288;hoi_dinh_nghia;ly_thuyet_do_thi;Định nghĩa ký hiệu O lớn (O-notation) cho hàm f(n) và g(n)?;Ta viết f(n) = O(g(n)) và nói f(n) có bậc không quá g(n) nếu tồn tại hằng số dương C1 và số nguyên dương N1 sao cho trị tuyệt đối của f(n) luôn nhỏ hơn hoặc bằng C1 nhân với trị tuyệt đối của g(n) với mọi n lớn hơn hoặc bằng N1.
qa_0289;hoi_dinh_nghia;ly_thuyet_do_thi;Định nghĩa ký hiệu Omega (Omega-notation) cho hàm f(n) và g(n)?;Ta viết f(n) = Omega(g(n)) và nói f(n) có bậc ít nhất là g(n) nếu tồn tại hằng số dương C2 và số nguyên dương N2 sao cho trị tuyệt đối của f(n) luôn lớn hơn hoặc bằng C2 nhân với trị tuyệt đối của g(n) với mọi n lớn hơn hoặc bằng N2.
qa_0290;hoi_khai_niem;ly_thuyet_do_thi;Khi nào thì ta nói f(n) có bậc là g(n), ký hiệu là Theta(g(n))?;Ta viết f(n) = Theta(g(n)) khi hàm f(n) đồng thời thỏa mãn f(n) = O(g(n)) và f(n) = Omega(g(n)).
qa_0295;hoi_khai_niem;ly_thuyet_do_thi;Khi nào ta nói thời gian tính tốt nhất của thuật toán có bậc không quá g(n) hay là O(g(n))?;Khi thuật toán đòi hỏi thời gian tính tốt nhất là t(n) với độ dài đầu vào n và thỏa mãn điều kiện t(n) = O(g(n)).
qa_0297;hoi_dinh_nghia;ly_thuyet_do_thi;Định nghĩa thời gian tính trung bình của thuật toán là O(g(n))?;Nghĩa là thời gian tính trung bình t(n) của thuật toán ứng với đầu vào n thỏa mãn bậc không quá g(n), tức t(n) = O(g(n)).
qa_0298;hoi_khai_niem;ly_thuyet_do_thi;Làm thế nào để thu được định nghĩa bậc ít nhất (Omega) của các loại thời gian tính?;Bằng cách thay ký hiệu O bởi Omega và cụm từ 'không quá' bởi 'ít nhất' trong các định nghĩa tương ứng về thời gian tính tốt nhất, tồi nhất và trung bình.
qa_0299;hoi_khai_niem;ly_thuyet_do_thi;Khi nào ta nói thời gian tính (tốt nhất/tồi nhất/trung bình) của thuật toán là Theta(g(n))?;Khi thời gian tính đó vừa có bậc không quá g(n) (là O(g(n))), vừa có bậc ít nhất là g(n) (là Omega(g(n))).
qa_0308;hoi_khai_niem;ly_thuyet_do_thi;Từ Mệnh đề 2, ta có thể kết luận gì về độ phức tạp thời gian tính của thuật toán Euclide?;Ta có thể kết luận rằng thời gian tính của thuật toán Euclide có bậc logarit đối với giá trị của các số đầu vào, tức là thuật toán này cực kỳ hiệu quả ngay cả với các số rất lớn.
qa_0312;hoi_khai_niem;ly_thuyet_do_thi;Cấu trúc chung của thủ tục 'Generate' trong phương pháp sinh được mô tả như thế nào?;Bắt đầu bằng việc xây dựng cấu hình ban đầu, đặt biến dừng Stop bằng false
qa_0318;hoi_khai_niem;ly_thuyet_do_thi;Cấu trúc đệ quy của thủ tục 'Try(i)' được mô tả như thế nào?;Sử dụng vòng lặp duyệt các khả năng j từ 1 đến ni
qa_0351;hoi_khai_niem;ly_thuyet_do_thi;Ai là người đặt những nền móng đầu tiên cho lý thuyết đồ thị và vào thời gian nào?;Nhà toán học lỗi lạc người Thụy Sỹ Leonhard Euler đã đề xuất những tư tưởng cơ bản của lý thuyết đồ thị vào những năm đầu của thế kỷ 18.
qa_0352;hoi_khai_niem;ly_thuyet_do_thi;Bài toán nổi tiếng nào đã đánh dấu sự ra đời của lý thuyết đồ thị?;Đó là bài toán về các cái cầu ở thành phố Konigsberg, được Euler sử dụng mô hình đồ thị để giải quyết.
qa_0353;hoi_ung_dung;ly_thuyet_do_thi;Trong lĩnh vực điện tử, đồ thị được ứng dụng để làm gì?;Đồ thị được sử dụng để xác định các mạch vòng trong vấn đề giải tích mạch điện.
qa_0354;hoi_ung_dung;ly_thuyet_do_thi;Ứng dụng của đồ thị trong hóa học hữu cơ là gì?;Giúp phân biệt các hợp chất hóa học hữu cơ khác nhau có cùng công thức phân tử nhưng khác nhau về cấu trúc phân tử.
qa_0355;hoi_khai_niem;ly_thuyet_do_thi;Trong mạng máy tính, mô hình đồ thị giúp xác định điều gì?;Giúp xác định xem hai máy tính trong mạng có thể trao đổi thông tin được với nhau hay không.
qa_0356;hoi_ung_dung;ly_thuyet_do_thi;Đồ thị có trọng số trên các cạnh thường được dùng để giải quyết bài toán giao thông nào?;Dùng để tìm đường đi ngắn nhất giữa hai thành phố trong một mạng giao thông.
qa_0357;hoi_khai_niem;ly_thuyet_do_thi;Liệt kê một số bài toán khác có sử dụng đồ thị để giải quyết?;Các bài toán về lập lịch, thời khóa biểu, và phân bổ tần số cho các trạm phát thanh và truyền hình.
qa_0358;hoi_dinh_nghia;ly_thuyet_do_thi;Định nghĩa tổng quát về đồ thị?;Đồ thị là một cấu trúc rời rạc bao gồm các đỉnh và các cạnh nối các đỉnh này. Các loại đồ thị khác nhau được phân biệt bởi kiểu và số lượng cạnh nối giữa các cặp đỉnh.
qa_0359;hoi_dinh_nghia;ly_thuyet_do_thi;Thế nào là một đơn đồ thị vô hướng?;Là đồ thị G = (V, E) trong đó V là tập các đỉnh, và E là tập các cặp không có thứ tự gồm hai phần tử khác nhau của V gọi là các cạnh. Trong đơn đồ thị, giữa hai đỉnh bất kỳ chỉ có tối đa một cạnh nối và không có cạnh nối một đỉnh với chính nó.
qa_0360;hoi_dinh_nghia;ly_thuyet_do_thi;Định nghĩa đa đồ thị vô hướng và cạnh lặp?;Đa đồ thị vô hướng G = (V, E) bao gồm tập đỉnh V và họ các cặp không có thứ tự gồm hai phần tử khác nhau của V gọi là các cạnh. Hai cạnh được gọi là cạnh lặp nếu chúng cùng tương ứng với một cặp đỉnh (tức là có nhiều hơn một cạnh nối giữa hai đỉnh).
qa_0361;hoi_dinh_nghia;ly_thuyet_do_thi;Thế nào là khuyên trong đồ thị vô hướng?;Khuyên là một cạnh nối một đỉnh với chính nó, có dạng e = (u, u). Đồ thị vô hướng cho phép có khuyên được định nghĩa là họ các cặp không có thứ tự mà hai phần tử không nhất thiết phải khác nhau.
qa_0362;hoi_dinh_nghia;ly_thuyet_do_thi;Định nghĩa đơn đồ thị có hướng và khái niệm cung?;Đơn đồ thị có hướng G = (V, E) gồm tập đỉnh V và tập E là các cặp có thứ tự gồm hai phần tử khác nhau của V. Các phần tử của E được gọi là các cung (thể hiện hướng đi từ đỉnh này đến đỉnh kia).
qa_0363;hoi_dinh_nghia;ly_thuyet_do_thi;Thế nào là đa đồ thị có hướng và cung lặp?;Đa đồ thị có hướng G = (V, E) gồm tập đỉnh V và họ E là các cặp có thứ tự gồm hai phần tử khác nhau của V. Hai cung được gọi là cung lặp nếu chúng cùng tương ứng với cùng một cặp đỉnh theo cùng một hướng.
qa_0364;hoi_khai_niem;ly_thuyet_do_thi;Trong thực tế nghiên cứu, khi nhắc đến 'đồ thị' mà không có tính từ đi kèm, ta thường hiểu đó là loại đồ thị nào?;Thường được hiểu ngầm là đơn đồ thị vô hướng hoặc đơn đồ thị có hướng để cho ngắn gọn.
qa_0365;hoi_khai_niem;ly_thuyet_do_thi;Trong đồ thị vô hướng, thế nào là hai đỉnh kề nhau?;Hai đỉnh u và v được gọi là kề nhau nếu có một cạnh e = (u, v) nối giữa chúng. Khi đó, cạnh e được gọi là liên thuộc với hai đỉnh u và v.
qa_0366;hoi_dinh_nghia;ly_thuyet_do_thi;Định nghĩa bậc của một đỉnh trong đồ thị vô hướng?;Bậc của đỉnh v, ký hiệu là deg(v), là số cạnh liên thuộc với đỉnh đó. Riêng đối với khuyên, nó được tính hai lần cho bậc của đỉnh.
qa_0367;hoi_dinh_nghia;ly_thuyet_do_thi;Thế nào là đỉnh cô lập và đỉnh treo trong đồ thị vô hướng?;Đỉnh có bậc bằng 0 gọi là đỉnh cô lập. Đỉnh có bậc bằng 1 gọi là đỉnh treo.
qa_0368;hoi_noi_dung_dinh_ly;ly_thuyet_do_thi;Nội dung của Định lý bắt tay (Handshaking Theorem) trong đồ thị vô hướng là gì?;Tổng bậc của tất cả các đỉnh trong đồ thị vô hướng bằng hai lần số cạnh của đồ thị đó (tổng deg(v) = 2m).
qa_0369;hoi_he_qua;ly_thuyet_do_thi;Hệ quả của Định lý bắt tay về số lượng đỉnh bậc lẻ là gì?;Trong mọi đồ thị vô hướng, số lượng các đỉnh có bậc là số lẻ luôn là một số chẵn.
qa_0370;hoi_khai_niem;ly_thuyet_do_thi;Trong đồ thị có hướng, thế nào là quan hệ kề giữa hai đỉnh u và v qua cung e = (u, v)?;Ta nói u kề với v, và v kề từ u. Cung (u, v) đi ra khỏi đỉnh u và đi vào đỉnh v. Đỉnh u gọi là đỉnh đầu (nguồn), đỉnh v gọi là đỉnh cuối (đích).
qa_0371;hoi_dinh_nghia;ly_thuyet_do_thi;Định nghĩa bán bậc ra và bán bậc vào của một đỉnh trong đồ thị có hướng?;Bán bậc ra của v, ký hiệu là deg+(v), là số cung đi ra khỏi nó. Bán bậc vào của v, ký hiệu là deg-(v), là số cung đi vào nó.
qa_0372;hoi_moi_quan_he;ly_thuyet_do_thi;Mối quan hệ giữa tổng bán bậc ra, tổng bán bậc vào và số cung trong đồ thị có hướng (Định lý 2) là gì?;Tổng tất cả bán bậc ra bằng tổng tất cả bán bậc vào và bằng đúng số lượng cung của đồ thị đó (tổng deg+(v) = tổng deg-(v) = |E|).
qa_0373;hoi_dinh_nghia;ly_thuyet_do_thi;Thế nào là đồ thị vô hướng tương ứng của một đồ thị có hướng?;Là đồ thị vô hướng thu được bằng cách bỏ qua hướng trên các cung của đồ thị có hướng đã cho.
qa_0374;hoi_dinh_nghia;ly_thuyet_do_thi;Định nghĩa đồ thị vòng Cn (n >= 3)?;Gồm n đỉnh v1, v2, ..., vn và các cạnh (v1, v2), (v2, v3), ..., (vn-1, vn) và (vn, v1).
qa_0375;hoi_khai_niem;ly_thuyet_do_thi;Đồ thị bánh xe Wn được tạo ra như thế nào?;Lấy một đồ thị vòng Cn-1 và thêm vào một đỉnh mới nối với tất cả các đỉnh của Cn-1 đó.
qa_0376;hoi_khai_niem;ly_thuyet_do_thi;Đồ thị lập phương Qn (n-cube) có bao nhiêu đỉnh?;Có 2 mũ n đỉnh, mỗi đỉnh biểu diễn cho một xâu nhị phân độ dài n.
qa_0377;hoi_dieu_kien;ly_thuyet_do_thi;Điều kiện để hai đỉnh trong đồ thị lập phương Qn kề nhau?;Hai đỉnh kề nhau nếu và chỉ nếu hai xâu nhị phân tương ứng của chúng chỉ khác nhau đúng một bit.
qa_0378;hoi_dinh_nghia;ly_thuyet_do_thi;Định nghĩa đơn đồ thị phân đôi (Bipartite Graph)?;Là đồ thị mà tập đỉnh V có thể phân hoạch thành hai tập con không giao nhau V1 và V2 sao cho mỗi cạnh luôn nối một đỉnh thuộc V1 với một đỉnh thuộc V2.
qa_0379;hoi_dinh_nghia;ly_thuyet_do_thi;Định lý về chu trình để nhận biết đồ thị phân đôi là gì?;Một đơn đồ thị là đồ thị phân đôi nếu và chỉ nếu nó không chứa chu trình độ dài lẻ.
qa_0380;hoi_dinh_nghia;ly_thuyet_do_thi;Định nghĩa đồ thị phân đôi đầy đủ Km,n?;Là đồ thị phân đôi có tập đỉnh chia thành V1 (m đỉnh) và V2 (n đỉnh), sao cho có đúng một cạnh nối giữa mỗi đỉnh của V1 với mỗi đỉnh của V2.
qa_0381;hoi_cong_thuc;ly_thuyet_do_thi;Công thức tính số cạnh của đồ thị phân đôi đầy đủ Km,n?;Số cạnh bằng tích m * n.
qa_0382;hoi_ung_dung;ly_thuyet_do_thi;Mô hình đồ thị phân đôi ứng dụng thế nào trong bài toán phân công?;V1 đại diện tập thợ, V2 đại diện tập việc
qa_0383;hoi_dinh_nghia;ly_thuyet_do_thi;Định nghĩa đường đi độ dài n từ u đến v trong đồ thị vô hướng?;Là dãy các cạnh e1, e2, ..., en sao cho e1=(x0, x1), e2=(x1, x2), ..., en=(xn-1, xn) với x0=u và xn=v.
qa_0384;hoi_dinh_nghia;ly_thuyet_do_thi;Thế nào là đường đi đơn (simple path)?;Là đường đi không đi qua bất kỳ cạnh nào quá một lần.
qa_0385;hoi_dinh_nghia;ly_thuyet_do_thi;Định nghĩa chu trình (circuit/cycle)?;Là đường đi có đỉnh đầu trùng với đỉnh cuối (u = v) và có độ dài lớn hơn 0.
qa_0386;hoi_khai_niem;ly_thuyet_do_thi;Chu trình đơn được định nghĩa như thế nào?;Là chu trình không đi qua bất kỳ cạnh nào quá một lần.
qa_0387;hoi_ky_hieu;ly_thuyet_do_thi;Ký hiệu chu trình độ dài k đi qua k đỉnh phân biệt là gì?;Ký hiệu là Ck.
qa_0388;hoi_dinh_nghia;ly_thuyet_do_thi;Định nghĩa đồ thị vô hướng liên thông?;Là đồ thị mà luôn tìm được đường đi giữa mọi cặp đỉnh phân biệt của nó.
qa_0389;hoi_dinh_nghia;ly_thuyet_do_thi;Thế nào là thành phần liên thông của đồ thị vô hướng?;Là các đồ thị con liên thông tối đại (không thể thêm đỉnh/cạnh nào vào mà vẫn giữ được tính liên thông).
qa_0390;hoi_dinh_nghia;ly_thuyet_do_thi;Định nghĩa đỉnh cắt (cut vertex) hay điểm khớp (articulation point)?;Là đỉnh mà nếu xóa nó cùng các cạnh liên thuộc sẽ làm tăng số thành phần liên thông của đồ thị.
qa_0391;hoi_dinh_nghia;ly_thuyet_do_thi;Định nghĩa cạnh cắt (cut edge) hay cầu (bridge)?;Là cạnh mà nếu xóa nó đi sẽ làm tăng số thành phần liên thông của đồ thị.
qa_0392;hoi_dinh_nghia;ly_thuyet_do_thi;Đồ thị có hướng liên thông mạnh (strongly connected) là gì?;Là đồ thị có hướng mà luôn có đường đi từ u đến v và ngược lại cho mọi cặp đỉnh u, v.
qa_0393;hoi_dinh_nghia;ly_thuyet_do_thi;Đồ thị có hướng liên thông yếu (weakly connected) là gì?;Là đồ thị có hướng mà đồ thị vô hướng tương ứng của nó là liên thông.
qa_0394;hoi_khai_niem;ly_thuyet_do_thi;Thành phần liên thông mạnh của đồ thị có hướng được hiểu thế nào?;Là các đồ thị con liên thông mạnh tối đại của đồ thị đó.
qa_0395;hoi_ly_do;ly_thuyet_do_thi;Tại sao đồ thị vòng C3 không phải là đồ thị phân đôi?;Vì C3 là một chu trình độ dài lẻ (bằng 3), vi phạm định lý về đồ thị phân đôi.
qa_0396;hoi_khai_niem;ly_thuyet_do_thi;Bậc của mọi đỉnh trong đồ thị vòng Cn là bao nhiêu?;Mọi đỉnh trong Cn đều có bậc bằng 2.
qa_0397;hoi_khai_niem;ly_thuyet_do_thi;Trong đồ thị bánh xe Wn, đỉnh trung tâm có bậc là bao nhiêu?;Đỉnh trung tâm có bậc bằng n-1.
qa_0398;hoi_cong_thuc;ly_thuyet_do_thi;Số lượng cạnh trong đồ thị lập phương Qn là bao nhiêu?;Số cạnh của Qn là n * (2 mũ n-1).
qa_0399;hoi_khai_niem;ly_thuyet_do_thi;Một đồ thị không liên thông có đặc điểm gì về các thành phần liên thông?;Nó là hợp của hai hay nhiều thành phần liên thông rời nhau.
qa_0400;hoi_khai_niem;ly_thuyet_do_thi;Đường đi từ u đến v có thể biểu diễn ngắn gọn qua dãy đỉnh như thế nào?;Có thể viết là x0, x1, ..., xn (trong đó xi-1 kề với xi).
qa_0401;hoi_khai_niem;ly_thuyet_do_thi;Trong đồ thị có hướng, đường đi có bắt buộc phải tuân theo hướng cung không?;Có, đường đi từ u đến v phải là một dãy các cung (xi-1, xi) theo đúng chiều.
qa_0402;hoi_khai_niem;ly_thuyet_do_thi;Việc xóa một đỉnh cô lập có làm thay đổi số thành phần liên thông không?;Có, số thành phần liên thông sẽ giảm đi 1.
qa_0403;hoi_khai_niem;ly_thuyet_do_thi;Đồ thị phân đôi Km,n có bao nhiêu đỉnh?;Có m + n đỉnh.
qa_0404;hoi_khai_niem;ly_thuyet_do_thi;Chu trình C4 có phải là đồ thị phân đôi không?;Có, vì 4 là số chẵn, nó không chứa chu trình độ dài lẻ.
qa_0405;hoi_dinh_nghia;ly_thuyet_do_thi;Thế nào là một lát cắt (cut) trong lý thuyết liên thông?;Là một tập các cạnh mà nếu xóa chúng đi sẽ làm đồ thị mất tính liên thông.
qa_0406;hoi_moi_quan_he;ly_thuyet_do_thi;Mối quan hệ giữa liên thông mạnh và liên thông yếu?;Mọi đồ thị liên thông mạnh đều là liên thông yếu, nhưng ngược lại thì không chắc đúng.
qa_0407;hoi_khai_niem;ly_thuyet_do_thi;Đường đi đơn khác đường đi thường ở chỗ nào?;Đường đi đơn không lặp lại cạnh, còn đường đi thường có thể đi qua một cạnh nhiều lần.
qa_0408;hoi_ung_dung;ly_thuyet_do_thi;Khái niệm 'đồ thị con liên thông tối đại' dùng để định nghĩa đại lượng nào?;Dùng để định nghĩa Thành phần liên thông.
qa_0409;hoi_khai_niem;ly_thuyet_do_thi;Trong đồ thị phân đôi, tập V1 và V2 có được phép có cạnh nối nội bộ không?;Không, mọi cạnh chỉ được nối giữa một đỉnh của V1 và một đỉnh của V2.
qa_0410;hoi_dinh_nghia;ly_thuyet_do_thi;Đường đi độ dài 0 được hiểu là gì?;Là đường đi chỉ gồm một đỉnh duy nhất (u = v).
qa_0411;hoi_khai_niem;ly_thuyet_do_thi;Nếu đồ thị có hướng liên thông mạnh thì số thành phần liên thông mạnh là bao nhiêu?;Số thành phần liên thông mạnh bằng 1.
qa_0001;hoi_khai_niem;ly_thuyet_tap_hop;Lý thuyết tổ hợp gắn liền với việc nghiên cứu điều gì?;Lý thuyết tổ hợp gắn liền với việc nghiên cứu phân bố các phần tử vào các tập hợp.
qa_0015;hoi_khai_niem;ly_thuyet_tap_hop;Tập hợp thường được ký hiệu bằng loại chữ cái nào?;Tập hợp được ký hiệu bằng những chữ cái lớn như A, B, X, Y.
qa_0016;hoi_khai_niem;ly_thuyet_tap_hop;Phần tử của tập hợp được ký hiệu bằng loại chữ cái nào?;Phần tử được ký hiệu bằng các chữ cái nhỏ như a, b, x, y.
qa_0017;hoi_ky_hieu;ly_thuyet_tap_hop;Ký hiệu x ∈ X có nghĩa là gì?;Ký hiệu này có nghĩa x là phần tử của tập hợp X.
qa_0018;hoi_ky_hieu;ly_thuyet_tap_hop;Ký hiệu x ∉ X có nghĩa là gì?;Ký hiệu này có nghĩa x không phải là phần tử của tập hợp X.
qa_0019;hoi_dinh_nghia;ly_thuyet_tap_hop;Thế nào là tập hợp con?;A là tập con của B nếu mỗi phần tử của A cũng là những phần tử của B.
qa_0020;hoi_ky_hieu;ly_thuyet_tap_hop;Ký hiệu A ⊆ B có nghĩa là gì?;Ký hiệu này có nghĩa A là tập con của B.
qa_0021;hoi_dieu_kien;ly_thuyet_tap_hop;Điều kiện để hai tập hợp A và B bằng nhau là gì?;Hai tập hợp bằng nhau khi A ⊆ B và B ⊆ A.
qa_0022;hoi_khai_niem;ly_thuyet_tap_hop;Số các phần tử của tập hợp A được ký hiệu như thế nào?;Được ký hiệu là N(A) hoặc |A|.
qa_0023;hoi_dinh_nghia;ly_thuyet_tap_hop;Một n-tập được hiểu là gì?;Một n-tập là một tập hợp gồm đúng n phần tử.
qa_0024;hoi_dinh_nghia;ly_thuyet_tap_hop;Tập hợp vũ trụ thường được ký hiệu là gì?;Tập hợp vũ trụ thường được ký hiệu là X.
qa_0025;hoi_dinh_nghia;ly_thuyet_tap_hop;Tập rỗng là gì?;Tập rỗng là tập hợp không có phần tử nào.
qa_0026;hoi_khai_niem;ly_thuyet_tap_hop;Tập rỗng có quan hệ gì với mọi tập hợp khác?;Tập rỗng được xem như tập con của mọi tập hợp.
qa_0027;hoi_dinh_nghia;ly_thuyet_tap_hop;Phần bù của A trong X được ký hiệu là gì?;Phần bù của A trong X được ký hiệu là Ā (A gạch đầu).
qa_0028;hoi_dinh_nghia;ly_thuyet_tap_hop;Định nghĩa phần bù của A trong X là gì?;Là tập các phần tử của X không thuộc vào A.
qa_0029;hoi_khai_niem;ly_thuyet_tap_hop;Hợp của A và B (A ∪ B) là tập hợp như thế nào?;Là tập các phần tử thuộc A hoặc thuộc B hoặc thuộc cả hai tập.
qa_0030;hoi_khai_niem;ly_thuyet_tap_hop;Giao của A và B (A ∩ B) là tập hợp như thế nào?;Là tập các phần tử đồng thời thuộc vào cả hai tập A và B.
qa_0031;hoi_khai_niem;ly_thuyet_tap_hop;Hiệu của A và B (A \ B) là tập hợp như thế nào?;Là tập các phần tử thuộc A nhưng không thuộc B.
qa_0032;hoi_khai_niem;ly_thuyet_tap_hop;Đại số tập hợp được hình thành từ đâu?;Hình thành từ các tập hợp cùng với các phép toán trên nó.
qa_0033;hoi_cong_thuc;ly_thuyet_tap_hop;Tính chất kết hợp của phép hợp được viết như thế nào?;(A ∪ B) ∪ C = A ∪ (B ∪ C).
qa_0036;hoi_dinh_nghia;ly_thuyet_tap_hop;Luật đối ngẫu De Morgan cho phần bù của một hợp là gì?;Phần bù của (A ∪ B) bằng (Phần bù của A) giao (Phần bù của B).
qa_0037;hoi_khai_niem;ly_thuyet_tap_hop;Mỗi tập con tương ứng với khái niệm nào trong logic?;Mỗi tập con tương ứng với một tính chất hay còn gọi là mệnh đề.
qa_0038;hoi_khai_niem;ly_thuyet_tap_hop;Phủ định mệnh đề Ā tương ứng với khái niệm nào trong tập hợp?;Phủ định mệnh đề Ā tương ứng với phần bù Ā trong tập hợp.
qa_0039;hoi_khai_niem;ly_thuyet_tap_hop;Tuyển của hai mệnh đề (A ∨ B) tương ứng với phép toán tập hợp nào?;Tương ứng với phép hợp A ∪ B.
qa_0040;hoi_khai_niem;ly_thuyet_tap_hop;Hội của hai mệnh đề (A & B) tương ứng với phép toán tập hợp nào?;Tương ứng với phép giao A ∩ B.
qa_0042;hoi_moi_quan_he;ly_thuyet_tap_hop;Mối quan hệ giữa đại số mệnh đề và đại số tập hợp là gì?;Đây là hai đại số đẳng cấu với nhau.
qa_0043;hoi_dinh_nghia;ly_thuyet_tap_hop;Tích Đề-các A x B được định nghĩa là gì?;Là tập hợp các cặp (a, b) sao cho a thuộc A và b thuộc B.
qa_0044;hoi_ky_hieu;ly_thuyet_tap_hop;Ký hiệu lũy thừa Ak trong tích Đề-các nghĩa là gì?;Nghĩa là tích Đề-các của tập hợp A lặp lại k lần.
qa_0045;hoi_khai_niem;ly_thuyet_tap_hop;Tập hợp R² biểu diễn đối tượng nào trong hình học?;R² biểu diễn các điểm trên mặt phẳng.
qa_0046;hoi_dinh_nghia;ly_thuyet_tap_hop;Một quan hệ hai ngôi R trên tập X được định nghĩa là gì?;Là một tập con R(X) của tích Đề-các X x X.
qa_0076;hoi_dinh_nghia;ly_thuyet_tap_hop;Một song ánh từ một tập hợp lên chính nó trong ngữ cảnh này còn được gọi là gì?;Một song ánh như vậy còn được gọi là một phép thế.
qa_0148;hoi_khai_niem;ly_thuyet_tap_hop;Trong định lý về nghiệm kép, biểu thức an = (α1 + α2*n) * r0^n có ý nghĩa gì?;Đây là cách viết khác của nghiệm tổng quát, cho thấy nghiệm là tổ hợp của r0^n và n*r0^n.
qa_0225;hoi_dinh_nghia;ly_thuyet_tap_hop;Định nghĩa một hệ đại diện phân biệt của một họ các tập con là gì?;Là một bộ có thứ tự (a1, a2, ..., am) sao cho mỗi ai thuộc tập Si tương ứng và các ai đôi một khác nhau.
qa_0227;hoi_dinh_nghia;ly_thuyet_tap_hop;Thành phần ai trong hệ đại diện phân biệt được gọi là gì?;Được gọi là đại diện của tập con Si.
qa_0228;hoi_khai_niem;ly_thuyet_tap_hop;Trong định nghĩa hệ đại diện phân biệt, các tập con Si có bắt buộc phải khác nhau không?;Không, các tập Si không nhất thiết phải khác nhau.
qa_0229;hoi_dieu_kien;ly_thuyet_tap_hop;Điều kiện quan trọng nhất để một bộ các phần tử trở thành hệ đại diện phân biệt là gì?;Mỗi phần tử phải đại diện cho một tập con khác nhau và tất cả các phần tử đại diện phải khác nhau hoàn toàn (ai khác aj với i khác j).
qa_0230;hoi_ly_do;ly_thuyet_tap_hop;Tại sao bài toán hệ đại diện phân biệt lại quan trọng trong lý thuyết tổ hợp?;Vì nó giải quyết vấn đề chọn lựa phần tử từ các nhóm tập hợp sao cho không có sự trùng lặp, một tình huống xuất hiện rất nhiều trong lập lịch và phân phối nguồn lực.
qa_0231;hoi_moi_quan_he;ly_thuyet_tap_hop;Mối quan hệ giữa chỉ số i và phần tử ai trong hệ TRAN là gì?;Phần tử ai phải thuộc vào tập hợp Si tương ứng với chỉ số của nó trong bộ có thứ tự.
qa_0232;hoi_khai_niem;ly_thuyet_tap_hop;Nếu hai tập con Si và Sj (i khác j) có cùng một phần tử x, liệu x có thể đồng thời là đại diện cho cả hai tập trong một hệ đại diện phân biệt không?;Không, vì điều kiện của hệ đại diện phân biệt yêu cầu các đại diện ai và aj phải khác nhau.
qa_0233;hoi_noi_dung_dinh_ly;ly_thuyet_tap_hop;Nội dung chính của Định lý Hall là gì?;Định lý Hall đưa ra điều kiện cần và đủ để một họ các tập con hữu hạn có một hệ đại diện phân biệt.
qa_0234;hoi_dieu_kien;ly_thuyet_tap_hop;Điều kiện Hall (Hall's Condition) được phát biểu như thế nào?;Với mọi tập chỉ số J là tập con của {1, 2, ..., m}, số phần tử của hợp các tập Sj với j thuộc J phải lớn hơn hoặc bằng số lượng chỉ số trong J.
qa_0236;hoi_ly_do;ly_thuyet_tap_hop;Tại sao điều kiện |∪ Sj| ≥ |J| là điều kiện cần để tồn tại hệ đại diện phân biệt?;Vì để chọn ra |J| phần tử khác nhau từ các tập Sj, thì tổng số phần tử hiện có trong hợp của các tập đó ít nhất phải bằng |J|.
qa_0239;hoi_khai_niem;ly_thuyet_tap_hop;Trong định lý Hall, tập hợp các chỉ số J đại diện cho điều gì?;Đại diện cho một nhóm các tập con bất kỳ được chọn ra từ họ tập hợp ban đầu.
qa_0240;hoi_khai_niem;ly_thuyet_tap_hop;Điều gì xảy ra nếu tồn tại một tập chỉ số J mà |∪ Sj| < |J|?;Khi đó, theo định lý Hall, không tồn tại hệ đại diện phân biệt cho họ tập hợp đó.
qa_0241;hoi_khai_niem;ly_thuyet_tap_hop;Định lý Hall giải quyết bài toán tồn tại cho đối tượng nào?;Giải quyết cho họ các tập con hữu hạn S1, S2, ..., Sm.
qa_0242;hoi_ly_do;ly_thuyet_tap_hop;Tại sao định lý Hall được coi là công cụ mạnh mẽ trong lý thuyết ghép đôi (matching theory)?;Vì nó chuyển bài toán kiểm tra sự tồn tại của một hệ đại diện sang việc kiểm tra kích thước của các hợp tập hợp, giúp dễ dàng bác bỏ sự tồn tại bằng cách chỉ ra một 'phản ví dụ' vi phạm điều kiện số lượng.
qa_0264;hoi_dinh_nghia;ly_thuyet_tap_hop;Định nghĩa tính chất (i1, i2, ..., in;
qa_0330;hoi_khai_niem;ly_thuyet_tap_hop;Tập hợp D trong bài toán tối ưu tổ hợp đại diện cho điều gì?;Tập D gọi là tập các phương án của bài toán, thường được mô tả là tập các cấu hình tổ hợp thỏa mãn một số tính chất cho trước.
qa_0339;hoi_khai_niem;ly_thuyet_tap_hop;Trong thuật toán nhánh cận, tập các phương án D được mô tả như thế nào?;Tập D bao gồm các bộ n thành phần (x1, x2, ..., xn) thuộc tích Đề-các của các tập hữu hạn Ai và thỏa mãn tính chất P cho trước.
qa_0341;hoi_dieu_kien;ly_thuyet_tap_hop;Điều kiện cần thiết về hàm đánh giá g để có thể áp dụng thuật toán nhánh cận là gì?;Cần tìm được một hàm g xác định trên tập tất cả các phương án bộ phận sao cho giá trị của g tại mỗi phương án bộ phận (a1, ..., ak) luôn nhỏ hơn hoặc bằng giá trị nhỏ nhất của hàm mục tiêu f trên tập con các phương án bắt đầu bằng bộ đó.
qa_0004;hoi_ung_dung;nguyen_ly_dem;Mục tiêu của bài toán đếm là gì?;Bài toán đếm nhằm xác định có bao nhiêu cấu hình thỏa mãn điều kiện đã nêu.
qa_0005;hoi_khai_niem;nguyen_ly_dem;Phương pháp đếm thường dựa trên cơ sở nào?;Phương pháp đếm dựa vào các nguyên lý cơ bản và kết quả đếm các cấu hình đơn giản.
qa_0006;hoi_khai_niem;nguyen_ly_dem;Bài toán đếm giúp đánh giá yếu tố nào của một sự kiện?;Bài toán đếm giúp đánh giá tính xác suất của một sự kiện.
qa_0007;hoi_khai_niem;nguyen_ly_dem;Bài toán đếm giúp đánh giá yếu tố nào của một thuật toán?;Bài toán đếm giúp đánh giá tính độ phức tạp của một thuật toán.
qa_0050;hoi_dieu_kien;nguyen_ly_dem;Điều kiện áp dụng nguyên lý cộng N(A ∪ B) = N(A) + N(B) là gì?;Điều kiện là A và B phải là hai tập hợp rời nhau.
qa_0051;hoi_cong_thuc;nguyen_ly_dem;Công thức nguyên lý cộng cho một phân hoạch của X là gì?;N(X) = N(A1) + N(A2) + ... + N(Ak).
qa_0053;hoi_khai_niem;nguyen_ly_dem;Nguyên lý nhân được phát biểu như thế nào cho một bộ có thứ tự gồm k thành phần?;Nếu mỗi thành phần ai có ni khả năng chọn thì số bộ tạo ra là tích các khả năng n1 * n2 * ... * nk.
qa_0054;hoi_he_qua;nguyen_ly_dem;Hệ quả trực tiếp của nguyên lý nhân đối với tích Đề-các của k tập hợp là gì?;Số phần tử của tích Đề-các bằng tích số phần tử của từng tập hợp thành phần: N(A1 x A2 x ... x Ak) = N(A1) * N(A2) * ... * N(Ak).
qa_0055;hoi_cong_thuc;nguyen_ly_dem;Công thức tính số phần tử của lũy thừa tập hợp Ak theo nguyên lý nhân là gì?;Số phần tử của lũy thừa tập hợp Ak được tính bằng công thức N(Ak) = N(A) lũy thừa k.
qa_0056;hoi_khai_niem;nguyen_ly_dem;Trong nguyên lý nhân, các thành phần (a1, a2, ..., ak) có đặc điểm gì về thứ tự?;Các thành phần này tạo thành một bộ có thứ tự.
qa_0058;hoi_khai_niem;nguyen_ly_dem;Nguyên lý nhân dùng phép tính nào để xác định tổng số bộ có thể tạo ra?;Nguyên lý nhân dùng phép tính nhân các khả năng chọn của từng thành phần lại với nhau.
qa_0088;hoi_dinh_nghia;nguyen_ly_dem;Bài toán đếm tổ hợp là gì?;Là bài toán xác định có bao nhiêu cấu hình tổ hợp có thể được tạo ra với những quy tắc đã nêu.
qa_0089;hoi_khai_niem;nguyen_ly_dem;Lời giải của bài toán đếm thường phụ thuộc vào yếu tố nào?;Lời giải thường phụ thuộc vào một số giá trị tham số ban đầu.
qa_0090;hoi_khai_niem;nguyen_ly_dem;Người ta thường cố gắng biểu diễn sự phụ thuộc trong bài toán đếm bằng cách nào?;Người ta cố gắng biểu diễn sự phụ thuộc này bằng những công thức toán học.
qa_0091;hoi_khai_niem;nguyen_ly_dem;Kỹ thuật đưa về các cấu hình quen thuộc để đếm được thực hiện như thế nào?;Kỹ thuật này thực hiện bằng cách thiết lập một tương quan 1-1 giữa các cấu hình.
qa_0092;hoi_khai_niem;nguyen_ly_dem;Làm thế nào để phân chia một bài toán đếm lớn thành những bài toán đếm nhỏ hơn?;Người ta chia việc đếm thành từng lớp để áp dụng nguyên lý cộng.
qa_0093;hoi_ung_dung;nguyen_ly_dem;Việc phân tích cấu hình cần đếm như là việc ghép một số cấu hình khác nhằm mục đích gì?;Mục đích là để áp dụng nguyên lý nhân trong quá trình đếm cấu hình đó.
qa_0094;hoi_khai_niem;nguyen_ly_dem;Nguyên lý bù trừ được sử dụng cho những bài toán đếm như thế nào?;Nguyên lý bù trừ được dựa vào nguyên lý tổng quát của nguyên lý cộng để giải các bài toán đếm phức tạp hơn.
qa_0096;hoi_cong_thuc;nguyen_ly_dem;Công thức tổng quát của nguyên lý bù trừ cho m tập hợp hữu hạn được viết như thế nào?;N(A1 ∪ A2 ∪ ... ∪ Am) = N1 - N2 + ... + (-1)^(m-1) * Nm.
qa_0097;hoi_khai_niem;nguyen_ly_dem;Trong công thức nguyên lý bù trừ, ký hiệu Nk đại diện cho điều gì?;Nk là tổng phần tử của tất cả các giao của k tập lấy từ m tập đã cho.
qa_0098;hoi_khai_niem;nguyen_ly_dem;Giá trị của N1 trong nguyên lý bù trừ được tính như thế nào?;N1 = N(A1) + N(A2) + ... + N(Am).
qa_0099;hoi_khai_niem;nguyen_ly_dem;Giá trị của Nm trong nguyên lý bù trừ được tính như thế nào?;Nm = N(A1 ∩ A2 ∩ ... ∩ Am).
qa_0100;hoi_ly_do;nguyen_ly_dem;Tại sao phải trừ đi N(A ∩ B) trong công thức tính hợp của hai tập hợp?;Vì các phần tử thuộc giao của hai tập hợp đã được đếm hai lần (một lần trong A và một lần trong B).
qa_0102;hoi_ly_do;nguyen_ly_dem;Tại sao việc quy về các bài toán đơn giản không phải lúc nào cũng dễ thực hiện?;Vì nó thường đòi hỏi một sự phân tích sâu sắc về cấu hình cần đếm.
qa_0103;hoi_khai_niem;nguyen_ly_dem;Một thí dụ nổi tiếng nào được nhắc đến để minh họa cho nghệ thuật đếm?;Thí dụ về bài toán của Lucas (năm 1891).
qa_0104;hoi_ung_dung;nguyen_ly_dem;Mục đích của việc nghiên cứu các bài toán kinh điển như bài toán Lucas là gì?;Để rút ra được nhiều điều bổ ích và kỹ thuật trong nghệ thuật đếm.
qa_0107;hoi_ly_do;nguyen_ly_dem;Tại sao việc thiết lập tương quan 1-1 lại quan trọng trong đếm tổ hợp?;Vì nếu có tương quan 1-1, ta có thể đếm cấu hình quen thuộc thay vì đếm cấu hình phức tạp ban đầu.
qa_0108;hoi_khai_niem;nguyen_ly_dem;Khi nào một bài toán đếm được coi là phức tạp theo nội dung ảnh?;Khi cấu hình của nó khó nhận diện trực tiếp và cần phải phân tích để đưa về các dạng đơn giản hơn.
qa_0109;hoi_khai_niem;nguyen_ly_dem;Việc ghép các cấu hình nhỏ để tạo thành cấu hình lớn thường áp dụng nguyên lý nào?;Thường áp dụng nguyên lý nhân.
qa_0110;hoi_khai_niem;nguyen_ly_dem;Việc chia một tập hợp các cấu hình thành các lớp không giao nhau áp dụng nguyên lý nào?;Áp dụng nguyên lý cộng.
qa_0111;hoi_khai_niem;nguyen_ly_dem;Trong các bài toán đếm, kết quả đếm thường phụ thuộc vào yếu tố nào?;Kết quả đếm thường phụ thuộc vào một tham số tại đầu vào, ký hiệu là n.
qa_0112;hoi_khai_niem;nguyen_ly_dem;Việc biểu diễn kết quả đếm như một hàm của n bằng một số hữu hạn các phép toán có dễ dàng không?;Việc biểu diễn này thường không đơn giản và trong nhiều trường hợp là rất khó khăn hoặc không thể thực hiện được.
qa_0113;hoi_cong_thuc;nguyen_ly_dem;Công thức truy hồi (hay công thức đệ quy) là gì?;Là công thức thiết lập mối liên hệ giữa kết quả đếm ứng với n và các kết quả đếm ứng với các giá trị n bé hơn.
qa_0166;hoi_ly_do;nguyen_ly_dem;Tại sao người ta coi mọi dãy số trong phương pháp hàm sinh đều là dãy vô hạn phần tử?;Để tạo ra một công thức toán học thống nhất dưới dạng chuỗi lũy thừa vô hạn cho mọi bài toán đếm.
qa_0167;hoi_ung_dung;nguyen_ly_dem;Số hạng tổng quát hi trong hàm sinh g(x) đóng vai trò gì trong bài toán tổ hợp?;hi thường đại diện cho kết quả đếm (số cách chọn hoặc số cấu hình) ứng với tham số i.
qa_0170;hoi_ung_dung;nguyen_ly_dem;Ứng dụng cơ bản của hàm sinh trong bài toán đếm là gì?;Dùng để mã hóa một dãy các kết quả đếm vào một hàm số nhằm tận dụng các phép toán đại số để tìm kết quả.
qa_0181;hoi_ly_do;nguyen_ly_dem;Tại sao việc tìm công thức giải tích cho g(x) lại quan trọng?;Vì từ công thức giải tích, ta có thể áp dụng các kỹ thuật khai triển chuỗi chuẩn để tìm ra hệ số hk nhanh hơn đếm trực tiếp.
qa_0183;hoi_ly_do;nguyen_ly_dem;Tại sao phương pháp liệt kê vẫn được sử dụng dù không chỉ ra được một công thức cụ thể?;Vì còn rất nhiều bài toán đếm chưa có lời giải dưới dạng công thức, và phương pháp liệt kê giúp lập trình cho máy tính 'đếm hộ'.
qa_0184;hoi_ung_dung;nguyen_ly_dem;Mục tiêu chính của phương pháp liệt kê trong tổ hợp là gì?;Là chỉ ra một phương pháp để đi qua tất cả các cấu hình cần đếm.
qa_0191;hoi_ly_do;nguyen_ly_dem;Tại sao hình chữ nhật La-tinh lại là một vấn đề khó trong toán học tổ hợp?;Vì cho đến nay vẫn còn nhiều vấn đề liên quan đến việc liệt kê và đếm chúng chưa được giải quyết triệt để.
qa_0192;hoi_dinh_nghia;nguyen_ly_dem;Lợi ích của việc lập trình phương pháp liệt kê trên máy tính điện tử là gì?;Giúp tìm ra kết quả đếm cụ thể cho các bài toán mà con người chưa tìm ra công thức tổng quát.
qa_0201;hoi_khai_niem;nguyen_ly_dem;Yếu tố nào khiến bài toán tồn tại trở thành vấn đề quan trọng thứ hai trong lý thuyết tổ hợp?;Vì sau khi biết cách đếm, ta cần biết liệu đối tượng đó có tồn tại để mà đếm hoặc sử dụng hay không.
qa_0259;hoi_noi_dung_dinh_ly;nguyen_ly_dem;Nội dung của Định lý Schur liên quan đến việc phân hoạch tập số nguyên là gì?;Với mọi số nguyên dương k, tồn tại một số nguyên dương S(k) sao cho với mọi cách phân hoạch tập các số nguyên {1, 2, ..., S(k)} thành k tập con, luôn tồn tại ít nhất một tập con chứa hai số nguyên x, y và tổng của chúng là z = x + y.
qa_0260;hoi_khai_niem;nguyen_ly_dem;Số Schur S(k) được định nghĩa như thế nào?;Số Schur S(k) là số nguyên dương nhỏ nhất thỏa mãn tính chất: khi phân hoạch tập các số nguyên từ 1 đến S(k) thành k tập con, có ít nhất một tập con chứa hai phần tử và tổng của chúng.
qa_0262;hoi_khai_niem;nguyen_ly_dem;Định lý Schur khẳng định điều gì về sự tồn tại của cấu hình x + y = z trong các tập con?;Khẳng định rằng dù phân hoạch tập số nguyên thành bao nhiêu phần đi nữa, nếu tập số nguyên đủ lớn, ta luôn tìm được một phần chứa cả hai số hạng và tổng của chúng.
qa_0263;hoi_ly_do;nguyen_ly_dem;Tại sao định lý Schur được xếp vào nhóm các bài toán kiểu Ramsey?;Vì nó chứng minh rằng trong một cấu trúc đủ lớn (tập số nguyên), dù có chia nhỏ hay làm mất trật tự (phân hoạch) thì vẫn luôn tồn tại một cấu trúc con có tính trật tự xác định (x + y = z).
qa_0267;hoi_khai_niem;nguyen_ly_dem;Bài toán liệt kê tổ hợp khác bài toán đếm tổ hợp ở điểm cốt lõi nào?;Bài toán đếm chỉ hỏi có bao nhiêu cấu hình, trong khi bài toán liệt kê yêu cầu chỉ rõ danh sách tất cả các cấu hình đó và xây dựng thuật toán để tạo ra chúng.
qa_0286;hoi_khai_niem;nguyen_ly_dem;Để tính toán thời gian tính một cách khách quan, người ta thường đếm các đại lượng nào thay vì đo thời gian thực tế?;Người ta đếm số câu lệnh mà thuật toán phải thực hiện, hoặc đếm cụ thể số phép tính số học, so sánh, gán... mà thuật toán đòi hỏi.
qa_0322;hoi_ung_dung;nguyen_ly_dem;Vai trò của thủ tục 'Init' trong chương trình quay lui là gì?;Dùng để khởi tạo các giá trị ban đầu như nhập tham số bài toán, khởi gán các biến trạng thái và các biến đếm cần thiết cho quá trình liệt kê.
qa_0156;hoi_khai_niem;nhi_thuc_to_hop;Các hệ số α1, α2, ..., αk trong Định lý 3 đại diện cho điều gì?;Đây là các hằng số được xác định dựa trên các điều kiện đầu của bài toán.
qa_0159;hoi_ly_do;nhi_thuc_to_hop;Tại sao Định lý 3 yêu cầu các số c1, c2, ..., ck phải là các số thực?;Để đảm bảo các hệ số của hệ thức truy hồi và phương trình đặc trưng là các hằng số thực xác định.
qa_0168;hoi_khai_niem;nhi_thuc_to_hop;Biến số x trong hàm sinh g(x) có ý nghĩa như thế nào đối với dãy số hệ số?;Biến x đóng vai trò là vật mang (placeholder) để giữ vị trí và phân tách các giá trị của dãy số theo lũy thừa tương ứng.
qa_0172;hoi_dinh_nghia;nhi_thuc_to_hop;Các bước cơ bản để tìm công thức hn từ hàm sinh là gì?;Xây dựng hàm sinh g(x), tìm công thức giải tích cho g(x), sau đó khai triển g(x) thành chuỗi lũy thừa để tìm hệ số hn.
qa_0173;hoi_he_qua;nhi_thuc_to_hop;Kết quả của phép cộng hai hàm sinh f(x) và g(x) được xác định như thế nào?;Là một hàm sinh mới có hệ số là tổng các hệ số tương ứng: tổng của (ai + bi) * x^i.
qa_0174;hoi_dinh_nghia;nhi_thuc_to_hop;Phép nhân một hàm sinh f(x) với một số thực alpha cho kết quả là gì?;Cho một hàm sinh có các hệ số được nhân với alpha: tổng của (alpha * ai) * x^i.
qa_0175;hoi_khai_niem;nhi_thuc_to_hop;Tích Cô-si (Cauchy) của hai hàm sinh f(x) và g(x) được định nghĩa với hệ số ck như thế nào?;Hệ số ck là tổng của ai * bk-i với i chạy từ 0 đến k.
qa_0176;hoi_dinh_nghia;nhi_thuc_to_hop;Mối liên hệ giữa hệ số hk và đạo hàm của hàm giải tích g(x) tại điểm 0 là gì?;hk = g^(k)(0) / k!, với g^(k)(0) là đạo hàm cấp k của g(x) tại 0.
qa_0178;hoi_cong_thuc;nhi_thuc_to_hop;Công thức khai triển của 1 / (1 - rx)^n dưới dạng tổng tổ hợp là gì?;Bằng tổng của C(k, n+k-1) * r^k * x^k với k chạy từ 0 đến vô cùng.
qa_0179;hoi_dinh_nghia;nhi_thuc_to_hop;Trường hợp riêng đơn giản nhất của khai triển 1 / (1 - rx) là gì?;1 / (1 - rx) = 1 + rx + r^2*x^2 + r^3*x^3 + ...
qa_0047;hoi_cong_thuc;quan_he_anh_xa;Tính chất phản xạ của quan hệ yêu cầu điều gì?;Mọi phần tử đều có quan hệ với chính nó.
qa_0048;hoi_cong_thuc;quan_he_anh_xa;Tính chất đối xứng của quan hệ yêu cầu điều gì?;Nếu a có quan hệ với b thì b cũng có quan hệ với a.
qa_0049;hoi_cong_thuc;quan_he_anh_xa;Tính chất truyền ứng của quan hệ yêu cầu điều gì?;Nếu a quan hệ với b và b quan hệ với c thì a quan hệ với c.
qa_0149;hoi_moi_quan_he;quan_he_anh_xa;Mối quan hệ giữa dãy số {an} và công thức đệ quy an = c1*an-1 + c2*an-2 trong Định lý 2 là gì?;Dãy số {an} là nghiệm của công thức đệ quy khi và chỉ khi nó thỏa mãn cấu trúc nghiệm tổng quát với nghiệm kép r0.
qa_0160;hoi_moi_quan_he;quan_he_anh_xa;Mối quan hệ 'khi và chỉ khi' trong Định lý 3 khẳng định tính chất gì của nghiệm?;Khẳng định tính tương đương giữa việc dãy số thỏa mãn hệ thức truy hồi và việc nó có cấu trúc dạng tổ hợp tuyến tính của các nghiệm đặc trưng.
qa_0164;hoi_moi_quan_he;quan_he_anh_xa;Mối quan hệ giữa hàm g(x) và dãy số {hn} được diễn đạt như thế nào?;Hàm g(x) sinh ra dãy số đã cho dưới dạng các hệ số của các lũy thừa của x trong chuỗi đó.
qa_0059;hoi_dinh_nghia;to_hop_chinh_hop_hoan_vi;Một chỉnh hợp lặp chập k của n phần tử được định nghĩa là gì?;Là một bộ có thứ tự gồm k thành phần lấy từ n phần tử đã cho.
qa_0060;hoi_khai_niem;to_hop_chinh_hop_hoan_vi;Trong chỉnh hợp lặp, các thành phần có thể xuất hiện như thế nào?;Trong chỉnh hợp lặp, các thành phần có thể được lặp lại.
qa_0061;hoi_khai_niem;to_hop_chinh_hop_hoan_vi;Một chỉnh hợp lặp chập k của n có thể xem như là phần tử của đối tượng nào?;Có thể xem như một phần tử của tích Đề-các Ak với A là tập đã cho.
qa_0062;hoi_khai_niem;to_hop_chinh_hop_hoan_vi;Dựa trên nguyên lý nhân, số tất cả các chỉnh hợp lặp chập k của n là bao nhiêu?;Số tất cả các chỉnh hợp lặp chập k của n là n lũy thừa k.
qa_0063;hoi_khai_niem;to_hop_chinh_hop_hoan_vi;Yếu tố nào quyết định sự khác biệt giữa các chỉnh hợp lặp?;Sự khác biệt được quyết định bởi thứ tự của các thành phần và các giá trị được chọn trong bộ.
qa_0064;hoi_khai_niem;to_hop_chinh_hop_hoan_vi;Chỉnh hợp lặp chập k của n phần tử lấy các thành phần từ đâu?;Lấy từ n phần tử đã cho của một tập hợp ban đầu.
qa_0065;hoi_dinh_nghia;to_hop_chinh_hop_hoan_vi;Một chỉnh hợp không lặp chập k của n phần tử là gì?;Là một bộ có thứ tự gồm k thành phần lấy từ n phần tử đã cho, trong đó các thành phần không được lặp lại.
qa_0066;hoi_khai_niem;to_hop_chinh_hop_hoan_vi;Để xây dựng một chỉnh hợp không lặp, ta bắt đầu từ đâu?;Ta xây dựng dần từ thành phần đầu tiên.
qa_0067;hoi_khai_niem;to_hop_chinh_hop_hoan_vi;Thành phần đầu tiên trong chỉnh hợp không lặp có bao nhiêu khả năng chọn?;Thành phần đầu tiên có n khả năng chọn.
qa_0068;hoi_khai_niem;to_hop_chinh_hop_hoan_vi;Số khả năng chọn của mỗi thành phần tiếp theo trong chỉnh hợp không lặp thay đổi như thế nào?;Số khả năng chọn của mỗi thành phần tiếp theo giảm đi 1 so với thành phần đứng trước.
qa_0069;hoi_cong_thuc;to_hop_chinh_hop_hoan_vi;Công thức tính số chỉnh hợp không lặp chập k của n phần tử là gì?;Số chỉnh hợp không lặp chập k của n là n(n-1)...(n-k+1).
qa_0070;hoi_dinh_nghia;to_hop_chinh_hop_hoan_vi;Để tồn tại cấu hình chỉnh hợp không lặp, điều kiện giữa k và n là gì?;Điều kiện cần thỏa mãn là k nhỏ hơn hoặc bằng n.
qa_0071;hoi_ly_do;to_hop_chinh_hop_hoan_vi;Tại sao số khả năng chọn lại giảm dần trong chỉnh hợp không lặp?;Vì các thành phần không được phép lặp lại, nên mỗi phần tử đã chọn sẽ không được chọn cho các vị trí tiếp theo.
qa_0072;hoi_khai_niem;to_hop_chinh_hop_hoan_vi;Hoán vị của n phần tử được định nghĩa như thế nào?;Hoán vị của n phần tử là một cách xếp thứ tự các phần tử đó.
qa_0073;hoi_khai_niem;to_hop_chinh_hop_hoan_vi;Hoán vị của n phần tử được xem là trường hợp riêng của đối tượng nào?;Được xem như một trường hợp riêng của chỉnh hợp không lặp khi k = n.
qa_0074;hoi_cong_thuc;to_hop_chinh_hop_hoan_vi;Công thức tính số hoán vị của n phần tử là gì?;Số hoán vị của n phần tử là n! (n giai thừa), tính bằng tích 1 * 2 * ... * n.
qa_0075;hoi_khai_niem;to_hop_chinh_hop_hoan_vi;Có thể đồng nhất hoán vị của n phần tử với loại ánh xạ nào?;Có thể đồng nhất với một song ánh của một tập n phần tử lên chính nó.
qa_0078;hoi_dinh_nghia;to_hop_chinh_hop_hoan_vi;Một tổ hợp chập k của n phần tử là gì?;Là một bộ không kể thứ tự gồm k thành phần khác nhau lấy từ n phần tử đã cho.
qa_0079;hoi_khai_niem;to_hop_chinh_hop_hoan_vi;Có thể coi một tổ hợp chập k của n phần tử là đối tượng nào?;Có thể coi một tổ hợp chập k của n phần tử là một tập con k phần tử của nó.
qa_0080;hoi_dinh_nghia;to_hop_chinh_hop_hoan_vi;Điểm khác biệt chính giữa tổ hợp và chỉnh hợp là gì?;Tổ hợp không kể đến thứ tự của các thành phần trong bộ, còn chỉnh hợp thì có.
qa_0081;hoi_khai_niem;to_hop_chinh_hop_hoan_vi;Để đếm số tổ hợp, người ta chia tập hợp các chỉnh hợp không lặp thành các lớp dựa trên tiêu chí nào?;Người ta chia thành các lớp sao cho hai chỉnh hợp thuộc cùng một lớp chỉ khác nhau về thứ tự.
qa_0082;hoi_khai_niem;to_hop_chinh_hop_hoan_vi;Mỗi lớp tương ứng với các chỉnh hợp không lặp khác nhau về thứ tự có bao nhiêu phần tử?;Mỗi lớp có k! (k giai thừa) phần tử, tương ứng với số hoán vị của k phần tử.
qa_0083;hoi_cong_thuc;to_hop_chinh_hop_hoan_vi;Công thức tính số tổ hợp chập k của n là gì?;Số tổ hợp là n(n-1)...(n-k+1) chia cho k! hoặc n! / (k!(n-k)!).
qa_0084;hoi_dinh_nghia;to_hop_chinh_hop_hoan_vi;Số tổ hợp chập k của n thường được ký hiệu là gì?;Số tổ hợp thường được ký hiệu là Ck của n.
qa_0085;hoi_dinh_nghia;to_hop_chinh_hop_hoan_vi;Tên gọi khác của số tổ hợp là gì?;Số tổ hợp còn được gọi là hệ số tổ hợp.
qa_0087;hoi_ly_do;to_hop_chinh_hop_hoan_vi;Tại sao số chỉnh hợp trong mỗi lớp lại bằng nhau và bằng k!?;Vì mỗi tổ hợp gồm k phần tử có thể tạo ra đúng k! cách sắp xếp thứ tự khác nhau (hoán vị) để tạo thành các chỉnh hợp tương ứng.
qa_0186;hoi_dinh_nghia;to_hop_chinh_hop_hoan_vi;Định nghĩa một hình chữ nhật La-tinh trên n-tập S là gì?;Là một bảng p dòng, q cột sao cho mỗi dòng là một chỉnh hợp không lặp chập q của S và mỗi cột là một chỉnh hợp không lặp chập p của S.
qa_0188;hoi_khai_niem;to_hop_chinh_hop_hoan_vi;Trong trường hợp q = n, mỗi dòng của hình chữ nhật La-tinh trở thành đối tượng nào?;Mỗi dòng của hình chữ nhật La-tinh khi đó là một hoán vị của tập S.
qa_0190;hoi_khai_niem;to_hop_chinh_hop_hoan_vi;Một hình chữ nhật La-tinh được gọi là 'chuẩn' khi nào?;Khi dòng đầu tiên của nó là hoán vị (1, 2, ..., n).
qa_0193;hoi_dinh_nghia;to_hop_chinh_hop_hoan_vi;Sự khác biệt giữa các bài toán đếm (tổ hợp, chỉnh hợp, hoán vị) và bài toán tồn tại tổ hợp là gì?;Trong bài toán đếm, sự tồn tại của cấu hình là hiển nhiên
qa_0326;hoi_dinh_nghia;to_hop_chinh_hop_hoan_vi;Ba cấu hình cơ bản thường được liệt kê bằng thuật toán quay lui là gì?;Đó là dãy nhị phân, hoán vị và tổ hợp.
qa_0334;hoi_ly_do;to_hop_chinh_hop_hoan_vi;Tại sao phương pháp duyệt toàn bộ lại khó thực hiện trên thực tế đối với các bài toán lớn?;Vì số lượng cấu hình cần liệt kê thường bùng nổ quá nhanh, vượt quá tốc độ xử lý của cả những máy tính hiện đại nhất (ví dụ để liệt kê 15 giai thừa hoán vị có thể mất hơn 36 tiếng đồng hồ).
qa_0345;hoi_noi_dung_dinh_ly;to_hop_chinh_hop_hoan_vi;Phát biểu bài toán Người du lịch (Traveling Salesman Problem - TSP)?;Một người du lịch phải đi qua n thành phố, mỗi thành phố đúng một lần rồi quay về điểm xuất phát. Biết chi phí đi lại giữa các thành phố là cij. Tìm hành trình (biểu diễn bằng một hoán vị của n số tự nhiên) sao cho tổng chi phí là nhỏ nhất (min).
qa_0348;hoi_noi_dung_dinh_ly;to_hop_chinh_hop_hoan_vi;Phát biểu bài toán Phân công (Assignment Problem)?;Có n công việc và n thợ, với cij là chi phí thợ i thực hiện việc j. Mỗi thợ chỉ làm một việc và mỗi việc chỉ do một thợ làm. Tìm cách phân công (tương ứng với một hoán vị) sao cho tổng chi phí thuê thợ là nhỏ nhất (min).
qa_0002;hoi_khai_niem;to_hop_chung;Các phần tử trong bài toán tổ hợp thường có tính chất gì?;Các phần tử trong bài toán tổ hợp thường là hữu hạn.
qa_0011;hoi_khai_niem;to_hop_chung;Yếu tố nào giúp cách giải liệt kê ngày càng trở nên khả thi?;Sự phát triển nhanh chóng của máy tính điện tử giúp cách giải liệt kê khả thi hơn.
qa_0034;hoi_cong_thuc;to_hop_chung;Tính chất giao hoán của phép giao được viết như thế nào?;A ∩ B = B ∩ A.
qa_0035;hoi_khai_niem;to_hop_chung;Phép hợp phân bố đối với phép giao như thế nào?;A ∪ (B ∩ C) = (A ∪ B) ∩ (A ∪ C).
qa_0052;hoi_cong_thuc;to_hop_chung;Công thức tính số phần tử có tính chất A dựa trên tập vũ trụ X là gì?;N(A) = N(X) - N(Ā).
qa_0057;hoi_dinh_nghia;to_hop_chung;Số khả năng chọn của thành phần thứ i trong bộ được ký hiệu là gì?;Số khả năng chọn của thành phần thứ i được ký hiệu là ni.
qa_0077;hoi_ung_dung;to_hop_chung;Việc nghiên cứu các phép thế có vai trò như thế nào?;Nghiên cứu phép thế đóng góp một phần quan trọng trong toán học nhờ các tính chất thú vị của nó.
qa_0095;hoi_dinh_nghia;to_hop_chung;Nếu không có giả thiết về sự rời nhau giữa hai tập A và B, công thức tính N(A ∪ B) là gì?;Công thức là N(A ∪ B) = N(A) + N(B) - N(A ∩ B).
qa_0101;hoi_dinh_nghia;to_hop_chung;Nguyên lý cơ bản của phương pháp quy về các bài toán đơn giản là gì?;Phương pháp này quy bài toán đang xét về những bài toán đơn giản hơn để giải quyết.
qa_0105;hoi_khai_niem;to_hop_chung;Kỹ thuật phân tích sâu sắc cấu hình giúp ích gì trong bài toán tổ hợp?;Giúp tìm ra mối liên hệ giữa bài toán phức tạp và các bài toán cơ bản đã biết lời giải.
qa_0106;hoi_khai_niem;to_hop_chung;Để thiết lập một tương quan 1-1 giữa hai cấu hình, ta cần làm gì?;Ta cần chứng minh mỗi phần tử của cấu hình này tương ứng duy nhất với một phần tử của cấu hình kia.
qa_0114;hoi_khai_niem;to_hop_chung;Làm thế nào để tính mọi giá trị khác dựa trên công thức truy hồi?;Ta có thể tính mọi giá trị dựa vào công thức truy hồi và một vài giá trị ban đầu.
qa_0115;hoi_ly_do;to_hop_chung;Tại sao công thức truy hồi lại rất thích hợp với việc lập trình trên máy tính?;Vì công thức truy hồi có tính kế thừa, cho phép máy tính lặp lại các bước tính toán dựa trên kết quả trước đó.
qa_0116;hoi_khai_niem;to_hop_chung;Việc sử dụng công thức truy hồi mang lại lợi ích gì cho quá trình tính toán?;Nó giúp giảm đáng kể độ phức tạp và gia tăng độ ổn định của quá trình tính toán.
qa_0119;hoi_khai_niem;to_hop_chung;Để một công thức truy hồi có thể hoạt động và tính toán được, ta cần điều kiện tiên quyết nào?;Cần phải có một vài giá trị ban đầu (điều kiện dừng hoặc giá trị cơ sở).
qa_0120;hoi_cong_thuc;to_hop_chung;Tính kế thừa trong công thức truy hồi được hiểu như thế nào?;Kết quả của bước sau được xây dựng dựa trên nền tảng kết quả của các bước trước đó.
qa_0123;hoi_ky_hieu;to_hop_chung;Ký hiệu các điều kiện đầu của dãy số thường được viết như thế nào?;Các điều kiện đầu được viết là a0 = C0, a1 = C1, ..., ak-1 = Ck-1, với C0, C1, ..., Ck-1 là các hằng số.
qa_0124;hoi_khai_niem;to_hop_chung;Người ta thường tìm nghiệm của công thức truy hồi tuyến tính dưới dạng hàm nào?;Người ta tìm nghiệm dưới dạng hàm mũ an = r^n, với r là hằng số.
qa_0125;hoi_khai_niem;to_hop_chung;Phương trình đặc trưng của công thức truy hồi tuyến tính thuần nhất được thiết lập như thế nào?;Phương trình có dạng r^k - c1 * r^(k-1) - c2 * r^(k-2) - ... - ck = 0.
qa_0126;hoi_dinh_nghia;to_hop_chung;Nghiệm của phương trình đặc trưng được gọi là gì?;Nghiệm của phương trình này được gọi là nghiệm đặc trưng.
qa_0127;hoi_ung_dung;to_hop_chung;Mục đích của việc tìm nghiệm đặc trưng là gì?;Để sử dụng các nghiệm đó xây dựng công thức nghiệm dưới dạng hiện (công thức trực tiếp) cho an.
qa_0130;hoi_dinh_nghia;to_hop_chung;Một dãy số thỏa mãn công thức truy hồi được gọi là gì đối với công thức đó?;Dãy số đó được gọi là nghiệm của công thức truy hồi đã cho.
qa_0132;hoi_dieu_kien;to_hop_chung;Điều kiện cần thiết về nghiệm của phương trình đặc trưng r² - c1*r - c2 = 0 trong Định lý 1 là gì?;Phương trình đặc trưng phải có hai nghiệm thực phân biệt r1 và r2.
qa_0137;hoi_dinh_nghia;to_hop_chung;Mối liên hệ giữa dãy số {an} và phương trình đặc trưng r² - c1*r - c2 = 0 theo Định lý 1 là gì?;Dãy số {an} là nghiệm của công thức truy hồi an = c1*an-1 + c2*an-2 khi và chỉ khi nó có dạng tổ hợp tuyến tính của các nghiệm đặc trưng r1, r2.
qa_0139;hoi_khai_niem;to_hop_chung;Nếu một dãy số thỏa mãn an = c1*an-1 + c2*an-2, theo định lý về nghiệm phân biệt, cấu trúc của nó phụ thuộc vào yếu tố nào?;Phụ thuộc vào các nghiệm của phương trình đặc trưng r² - c1*r - c2 = 0 và các điều kiện biên.
qa_0143;hoi_dinh_nghia;to_hop_chung;Trong Định lý 2, giả sử phương trình đặc trưng r² - c1*r - c2 = 0 có nghiệm kép r0, công thức nghiệm của dãy số {an} là gì?;Nghiệm của dãy số có dạng an = α1 * r0^n + α2 * n * r0^n.
qa_0145;hoi_dinh_nghia;to_hop_chung;Sự khác biệt về cấu trúc nghiệm giữa trường hợp nghiệm phân biệt (Định lý 1) và nghiệm kép (Định lý 2) là gì?;Trong trường hợp nghiệm kép r0, số hạng thứ hai của nghiệm tổng quát được nhân thêm tham số n (α2 * n * r0^n).
qa_0146;hoi_khai_niem;to_hop_chung;Các hằng số α1 và α2 trong Định lý 2 về nghiệm kép được xác định dựa trên yếu tố nào?;Được xác định dựa trên các giá trị ban đầu của dãy số (điều kiện đầu).
qa_0153;hoi_dieu_kien;to_hop_chung;Điều kiện cần thiết về các nghiệm r1, r2, ..., rk của phương trình đặc trưng trong Định lý 3 là gì?;Các nghiệm r1, r2, ..., rk phải là k nghiệm phân biệt.
qa_0155;hoi_cong_thuc;to_hop_chung;Công thức nghiệm tổng quát của dãy số {an} khi có k nghiệm đặc trưng phân biệt là gì?;Công thức là an = α1*r1^n + α2*r2^n + ... + αk*rk^n.
qa_0161;hoi_khai_niem;to_hop_chung;Trong phương pháp hàm sinh, một dãy số hữu hạn được biến đổi thành dãy vô hạn bằng cách nào?;Bằng cách đặt các giá trị hi = 0 với mọi i lớn hơn m (trong đó m là chỉ số cuối cùng của dãy hữu hạn).
qa_0171;hoi_ung_dung;to_hop_chung;Mục đích chính của việc sử dụng phương pháp hàm sinh cho công thức đệ quy là gì?;Để tìm công thức dưới dạng hiện (công thức trực tiếp theo n) cho số hạng tổng quát của dãy số xác định bởi công thức đệ quy.
qa_0187;hoi_dieu_kien;to_hop_chung;Điều kiện về số dòng p và số cột q so với số phần tử n của tập S trong hình chữ nhật La-tinh là gì?;Điều kiện là p nhỏ hơn hoặc bằng n và q nhỏ hơn hoặc bằng n.
qa_0189;hoi_dinh_nghia;to_hop_chung;Đặc điểm của các cột trong hình chữ nhật La-tinh trường hợp q = n là gì?;Mỗi cột không được chứa phần tử lặp lại.
qa_0209;hoi_dinh_nghia;to_hop_chung;Nếu sau khi giả thiết phản chứng mà không dẫn đến mâu thuẫn thì điều đó có nghĩa là gì?;Có thể giả thiết đó không sai (điều cần chứng minh là sai), hoặc phương pháp phản chứng chưa đủ mạnh để tìm ra mâu thuẫn trong trường hợp này.
qa_0211;hoi_khai_niem;to_hop_chung;Trong tổ hợp, phương pháp phản chứng thường được kết hợp với nguyên lý nào?;Thường được kết hợp với nguyên lý Dirichlet (nguyên lý lồng chim) để chỉ ra mâu thuẫn về số lượng.
qa_0212;hoi_ung_dung;to_hop_chung;Mục tiêu của việc 'giả thiết điều định chứng minh là sai' là để làm gì?;Để tạo ra một môi trường logic giả định, qua đó bộc lộ các tính chất không thể xảy ra trên thực tế.
qa_0213;hoi_khai_niem;to_hop_chung;Nguyên lý Dirichlet được sử dụng để giải quyết vấn đề gì trong toán học tổ hợp?;Được sử dụng để chứng minh sự tồn tại của một cấu hình với những tính chất cho trước.
qa_0214;hoi_noi_dung_dinh_ly;to_hop_chung;Phát biểu cơ bản của Nguyên lý Dirichlet là gì?;Nếu đem xếp nhiều hơn n đối tượng vào n cái hộp, thì luôn tìm được một cái hộp chứa không ít hơn 2 đối tượng.
qa_0215;hoi_noi_dung_dinh_ly;to_hop_chung;Phát biểu của Nguyên lý Dirichlet tổng quát là gì?;Nếu đem xếp n đối tượng vào k cái hộp, thì luôn tìm được một cái hộp chứa không ít hơn n/k đối tượng.
qa_0216;hoi_dinh_nghia;to_hop_chung;Tên gọi khác phổ biến của nguyên lý Dirichlet là gì?;Thường được gọi là nguyên lý lồng chim (Pigeonhole Principle).
qa_0217;hoi_khai_niem;to_hop_chung;Nhà toán học Dirichlet đề xuất nguyên lý này vào thời gian nào?;Ông đề xuất nguyên lý này vào thế kỷ 19.
qa_0218;hoi_khai_niem;to_hop_chung;Trong nguyên lý Dirichlet tổng quát, giá trị n/k được hiểu như thế nào khi n không chia hết cho k?;Được hiểu là ít nhất có một hộp chứa số lượng đối tượng bằng trần của phép chia n/k (số nguyên nhỏ nhất không bé hơn n/k).
qa_0220;hoi_dinh_nghia;to_hop_chung;Yếu tố quyết định để áp dụng thành công nguyên lý Dirichlet là gì?;Là kỹ năng xác định đâu là 'đối tượng' và đâu là 'cái hộp' trong ngữ cảnh cụ thể của bài toán.
qa_0221;hoi_khai_niem;to_hop_chung;Nguyên lý Dirichlet giúp khẳng định điều gì về sự phân bố của các đối tượng?;Khẳng định rằng sự phân bố không thể quá loãng, chắc chắn sẽ có sự tập trung tại ít nhất một vị trí (hộp).
qa_0226;hoi_ky_hieu;to_hop_chung;Ký hiệu viết tắt và tên tiếng Anh của hệ đại diện phân biệt là gì?;Viết tắt là TRAN, tên tiếng Anh là transversal.
qa_0235;hoi_ky_hieu;to_hop_chung;Ký hiệu toán học của điều kiện Hall là gì?;Ký hiệu là |∪ Sj| ≥ |J| với mọi J ⊆ {1, 2, ..., m}.
qa_0237;hoi_dinh_nghia;to_hop_chung;Ý nghĩa của việc Định lý Hall là 'điều kiện cần và đủ' là gì?;Nghĩa là nếu thỏa mãn điều kiện Hall thì chắc chắn tồn tại hệ đại diện phân biệt, và ngược lại, nếu tồn tại hệ đại diện phân biệt thì chắc chắn thỏa mãn điều kiện Hall.
qa_0238;hoi_khai_niem;to_hop_chung;Định lý Hall còn được biết đến với tên gọi thú vị nào trong tiếng Anh?;Được gọi là Marriage Theorem (Định lý kết hôn).
qa_0245;hoi_dinh_nghia;to_hop_chung;Định nghĩa số Ramsey R(i,j)?;Số Ramsey R(i,j) là số nguyên dương nhỏ nhất có tính chất (i,j)-Ramsey.
qa_0247;hoi_khai_niem;to_hop_chung;Bổ đề 1 về chặn trên của số Ramsey R(i,j) phát biểu như thế nào?;Nếu i >= 3 và j >= 3 thì ta luôn có bất đẳng thức: R(i,j) <= R(i, j-1) + R(i-1, j).
qa_0254;hoi_khai_niem;to_hop_chung;Số Ramsey tổng quát R(i1, i2, ..., in;
qa_0255;hoi_dinh_nghia;to_hop_chung;Mối liên hệ giữa số Ramsey tổng quát và số Ramsey cơ bản khi số lượng màu n = 2 là gì?;Khi n = 2, số Ramsey tổng quát R(i1, i2
qa_0256;hoi_khai_niem;to_hop_chung;Phương pháp nào thường được sử dụng để chứng minh sự tồn tại của các số Ramsey tổng quát?;Người ta thường sử dụng phương pháp chứng minh bằng quy nạp để khẳng định sự tồn tại của chúng.
qa_0257;hoi_cong_thuc;to_hop_chung;Tính chất đặc biệt của số Ramsey tổng quát khi tất cả các chỉ số ij đều bằng 2 là gì?;Khi ij = 2 với mọi j, giá trị của số Ramsey tổng quát R(2, ..., 2
qa_0258;hoi_khai_niem;to_hop_chung;Tình trạng nghiên cứu hiện tại về giá trị cụ thể của các số Ramsey tổng quát khi số màu n >= 3 và các chỉ số ij >= 3 như thế nào?;Hiện tại con người biết rất ít về các giá trị này
qa_0261;hoi_dinh_nghia;to_hop_chung;Mối liên hệ giữa số Schur S(k) và số Ramsey tổng quát R(3, 3, ..., 3;
qa_0265;hoi_khai_niem;to_hop_chung;Định lý Ramsey (1930) khẳng định điều gì về sự tồn tại của số Ramsey tổng quát?;Khẳng định rằng với mọi số nguyên dương n >= 2 và ij >= r, số Ramsey R(i1, i2, ..., in
qa_0266;hoi_cong_thuc;to_hop_chung;Công thức tính số Ramsey R(i1, i2, ..., in;
qa_0268;hoi_dinh_nghia;to_hop_chung;Hai nguyên tắc bắt buộc phải đảm bảo khi thực hiện phương pháp liệt kê là gì?;Một là không được lặp lại một cấu hình, hai là không được bỏ sót một cấu hình nào.
qa_0269;hoi_dinh_nghia;to_hop_chung;Khó khăn chính của phương pháp liệt kê thủ công trong tổ hợp là gì?;Là hiện tượng bùng nổ tổ hợp, khi số lượng cấu hình quá lớn khiến thời gian xây dựng vượt quá khả năng thực hiện của con người.
qa_0270;hoi_dinh_nghia;to_hop_chung;Hai phương pháp liệt kê phổ biến nhất thường được sử dụng trong lập trình máy tính là gì?;Đó là Thuật toán sinh và Thuật toán quay lui (backtracking).
qa_0272;hoi_dinh_nghia;to_hop_chung;Định nghĩa thuật toán giải bài toán một cách trực quan là gì?;Là một thủ tục xác định bao gồm một dãy hữu hạn các bước cần thực hiện để thu được lời giải của bài toán.
qa_0274;hoi_khai_niem;to_hop_chung;Đặc trưng 'Đầu ra' (Output) của thuật toán có ý nghĩa gì?;Với mỗi tập dữ liệu đầu vào, thuật toán đưa ra các dữ liệu tương ứng chính là lời giải của bài toán.
qa_0275;hoi_cong_thuc;to_hop_chung;Tính 'Chính xác' (Precision) của thuật toán đòi hỏi điều gì?;Đòi hỏi các bước của thuật toán phải được mô tả một cách chính xác, rõ ràng.
qa_0276;hoi_ly_do;to_hop_chung;Tại sao thuật toán cần có tính 'Hữu hạn' (Finiteness)?;Vì thuật toán cần phải đưa ra được kết quả cuối cùng sau một số hữu hạn bước thực hiện với mọi dữ liệu đầu vào.
qa_0278;hoi_cong_thuc;to_hop_chung;Tính 'Tổng quát' (Generality) của thuật toán được thể hiện như thế nào?;Thể hiện ở việc thuật toán có thể áp dụng để giải mọi bài toán có cùng dạng đã cho, chứ không chỉ giải một trường hợp riêng lẻ.
qa_0279;hoi_ly_do;to_hop_chung;Tại sao một thuật toán đúng vẫn có thể không cho kết quả mong muốn khi cài đặt trên máy tính?;Vì thuật toán đó có thể đòi hỏi quá nhiều thời gian thực hiện hoặc không có đủ bộ nhớ để lưu trữ dữ liệu và các biến của chương trình.
qa_0280;hoi_dinh_nghia;to_hop_chung;Định nghĩa quá trình phân tích thuật toán?;Là quá trình tìm ra những đánh giá về thời gian tính cũng như dung lượng bộ nhớ cần thiết để thực hiện thuật toán.
qa_0281;hoi_dinh_nghia;to_hop_chung;Độ phức tạp tính toán của một thuật toán được hiểu là gì?;Là lượng thời gian và bộ nhớ cần thiết để thực hiện thuật toán đó.
qa_0282;hoi_khai_niem;to_hop_chung;Thời gian tính của một thuật toán phụ thuộc vào yếu tố nào?;Thời gian tính là một hàm của dữ liệu đầu vào, thường được xét dựa trên đặc trưng quan trọng nhất là kích thước của dữ liệu đầu vào (n).
qa_0283;hoi_dinh_nghia;to_hop_chung;Thế nào là thời gian tính tốt nhất của thuật toán với đầu vào kích thước n?;Là thời gian tối thiểu cần thiết để thực hiện thuật toán với mọi bộ dữ liệu đầu vào có kích thước n.
qa_0284;hoi_dinh_nghia;to_hop_chung;Thế nào là thời gian tính tồi nhất của thuật toán với đầu vào kích thước n?;Là thời gian nhiều nhất cần thiết để thực hiện thuật toán với mọi bộ dữ liệu đầu vào có kích thước n.
qa_0285;hoi_dinh_nghia;to_hop_chung;Định nghĩa thời gian tính trung bình của thuật toán?;Là thời gian trung bình cần thiết để thực hiện thuật toán trên tập hữu hạn các đầu vào có kích thước n.
qa_0287;hoi_ly_do;to_hop_chung;Tại sao số câu lệnh thực hiện lại là tiêu chuẩn khách quan để đánh giá hiệu quả thuật toán?;Vì thông số này không phụ thuộc vào người lập trình, ngôn ngữ lập trình hay cấu hình máy tính cụ thể mà thuật toán được chạy trên đó.
qa_0291;hoi_dinh_nghia;to_hop_chung;Cách phát biểu bằng lời đơn giản cho ký hiệu f(n) = O(g(n)) là gì?;Nghĩa là ngoại trừ hằng số và một số hữu hạn ngoại lệ, f bị chặn trên bởi g.
qa_0292;hoi_dinh_nghia;to_hop_chung;Cách phát biểu bằng lời đơn giản cho ký hiệu f(n) = Omega(g(n)) là gì?;Nghĩa là ngoại trừ hằng số và một số hữu hạn ngoại lệ, f bị chặn dưới bởi g.
qa_0293;hoi_dinh_nghia;to_hop_chung;Cách phát biểu bằng lời đơn giản cho ký hiệu f(n) = Theta(g(n)) là gì?;Nghĩa là ngoại trừ hằng số và một số hữu hạn ngoại lệ, f bị chặn cả dưới và chặn cả trên bởi g.
qa_0294;hoi_dinh_nghia;to_hop_chung;Ba ký hiệu O lớn, Omega và Theta thường được gọi chung là gì?;Thường được gọi là các ký hiệu ô lớn, ômêga, têta đối với hàm f.
qa_0296;hoi_khai_niem;to_hop_chung;Khi nào ta nói thời gian tính tồi nhất của thuật toán là O(g(n))?;Khi thuật toán đòi hỏi thời gian tính tồi nhất là t(n) với độ dài đầu vào n và thỏa mãn điều kiện t(n) = O(g(n)).
qa_0300;hoi_noi_dung_dinh_ly;to_hop_chung;Nội dung của Mệnh đề 1 về mối liên hệ giữa cặp số (a, b) và số phép chia trong thuật toán Euclide là gì?;Giả sử cặp số a, b (với a > b) đòi hỏi n >= 1 phép chia trong thuật toán Euclide, khi đó giá trị của a >= f_{n+1} và b >= f_n, trong đó {f_n} là dãy số Fibonacci.
qa_0301;hoi_khai_niem;to_hop_chung;Dãy số Fibonacci trong Mệnh đề 1 được xác định bởi công thức truy hồi nào?;Dãy số Fibonacci được xác định bởi f_n = f_{n-1} + f_{n-2} với n >= 2, và các giá trị khởi đầu là f_0 = f_1 = 1.
qa_0303;hoi_dieu_kien;to_hop_chung;Điều kiện về số lượng phép chia n trong thuật toán Euclide theo mệnh đề này là gì?;Số phép chia n phải lớn hơn hoặc bằng 1.
qa_0304;hoi_khai_niem;to_hop_chung;Nếu biết số phép chia là n, ta có thể khẳng định điều gì về giá trị của số nhỏ hơn (b)?;Ta khẳng định được b không thể nhỏ hơn số Fibonacci thứ n (f_n).
qa_0305;hoi_noi_dung_dinh_ly;to_hop_chung;Nội dung của Mệnh đề 2 về số lượng phép chia tối đa trong thuật toán Euclide là gì?;Giả sử các số nguyên ở đầu vào của thuật toán Euclide không vượt quá m (với m >= 8), khi đó thuật toán đòi hỏi không quá log cơ số 3/2 của (2m/3) phép chia.
qa_0306;hoi_dieu_kien;to_hop_chung;Điều kiện về giá trị đầu vào m trong Mệnh đề 2 là gì?;Giá trị m phải lớn hơn hoặc bằng 8.
qa_0307;hoi_khai_niem;to_hop_chung;Biểu thức logarit trong Mệnh đề 2 giúp xác định đại lượng nào của thuật toán?;Giúp xác định chặn trên (giới hạn tối đa) của số lượng phép chia cần thực hiện để tìm ước chung lớn nhất của hai số không vượt quá m.
qa_0309;hoi_dinh_nghia;to_hop_chung;Tham số bên trong logarit của công thức này là gì?;Tham số là biểu thức (2m/3).
qa_0313;hoi_khai_niem;to_hop_chung;Thứ tự trên tập các cấu hình trong phương pháp sinh cần được lựa chọn theo tiêu chí nào?;Cần được lựa chọn sao cho có thể dễ dàng xây dựng được thuật toán sinh kế tiếp dựa trên thứ tự đó.
qa_0314;hoi_khai_niem;to_hop_chung;Điểm kết thúc của thuật toán sinh được xác định khi nào?;Khi thuật toán sinh kế tiếp không thể tạo ra thêm cấu hình mới, tức là đã đạt đến cấu hình cuối cùng trong thứ tự đã xác định.
qa_0315;hoi_noi_dung_dinh_ly;to_hop_chung;Nội dung chính của thuật toán quay lui là gì?;Là việc xây dựng dần các thành phần của cấu hình bằng cách thử tất cả các khả năng. Tại mỗi bước, ta xác định một thành phần dựa trên các thành phần đã chọn trước đó (lời giải bộ phận).
qa_0316;hoi_khai_niem;to_hop_chung;Quy trình thử khả năng j cho thành phần xi trong thuật toán quay lui diễn ra như thế nào?;Với mỗi khả năng j, ta kiểm tra xem j có chấp nhận được không. Nếu chấp nhận và đã đạt đến thành phần cuối cùng (i = n), ta thu được một cấu hình
qa_0317;hoi_ly_do;to_hop_chung;Tại sao thuật toán quay lui lại phù hợp với việc lập trình bằng ngôn ngữ cho phép gọi đệ quy?;Vì thuật toán cần ghi nhớ trạng thái tại mỗi bước đã đi qua theo cơ cấu ngăn xếp (stack - vào sau ra trước), điều này tương ứng tự nhiên với cách hoạt động của các lời gọi hàm đệ quy.
qa_0320;hoi_ung_dung;to_hop_chung;Vai trò của các 'biến trạng thái' (global) trong thuật toán quay lui là gì?;Dùng để ghi nhớ trạng thái mới của quá trình tìm kiếm sau khi xác định xi và trả lại trạng thái cũ sau khi kết thúc lời gọi đệ quy để chuẩn bị thử khả năng tiếp theo.
qa_0323;hoi_khai_niem;to_hop_chung;Quá trình tìm kiếm lời giải theo thuật toán quay lui được mô tả trực quan bằng đối tượng nào?;Được mô tả bởi 'Cây tìm kiếm lời giải' (Search Tree).
qa_0324;hoi_khai_niem;to_hop_chung;Trong cây tìm kiếm lời giải, các tầng của cây đại diện cho điều gì?;Mỗi tầng của cây đại diện cho việc chọn một thành phần trong cấu hình (ví dụ tầng 1 chọn x1, tầng 2 chọn x2 khi đã biết x1, tầng 3 chọn x3 khi đã biết x1 và x2).
qa_0325;hoi_khai_niem;to_hop_chung;Các nút và nhánh trên cây tìm kiếm lời giải thể hiện điều gì?;Các nút thể hiện trạng thái của lời giải bộ phận, và các nhánh thể hiện các khả năng (lựa chọn) có thể chấp nhận được để xây dựng thành phần tiếp theo.
qa_0331;hoi_dinh_nghia;to_hop_chung;Định nghĩa phương án tối ưu x* và giá trị tối ưu f*?;Phương án x* thuộc D đem lại giá trị nhỏ nhất (hoặc lớn nhất) cho hàm mục tiêu được gọi là phương án tối ưu
qa_0332;hoi_ung_dung;to_hop_chung;Vai trò của các mô hình tối ưu hóa tổ hợp truyền thống là gì?;Chúng là những mô hình có nhiều ứng dụng thực tế và giữ vai trò quan trọng trong việc nghiên cứu, phát triển lý thuyết tối ưu hóa tổ hợp.
qa_0336;hoi_khai_niem;to_hop_chung;Trong những trường hợp chưa thể xây dựng được phương án hiệu quả (như bài toán người du lịch, bài toán cái túi), phương pháp nào thường là lựa chọn cuối cùng?;Phương pháp duyệt toàn bộ vẫn là phương án hữu hiệu duy nhất khi chưa có giải pháp chuyên biệt nào khác.
qa_0337;hoi_dinh_nghia;to_hop_chung;Ý tưởng cải tiến việc liệt kê bằng cách loại bỏ các phương án chắc chắn không tối ưu được gọi là gì?;Đó là thuật toán nhánh cận (Branch and Bound), dựa trên việc tận dụng các thông tin đã tìm được trong quá trình liệt kê để cắt tỉa những nhánh không triển vọng.
qa_0340;hoi_dinh_nghia;to_hop_chung;Thế nào là một 'phương án bộ phận cấp k' trong quá trình thực hiện thuật toán?;Là một bộ gồm k thành phần đầu tiên (a1, a2, ..., ak) được xây dựng dần trong quá trình liệt kê theo thuật toán quay lui.
qa_0342;hoi_dinh_nghia;to_hop_chung;Ý nghĩa của bất đẳng thức hàm đánh giá g trong thuật toán nhánh cận là gì?;Nghĩa là giá trị của hàm g tại một phương án bộ phận đại diện cho một 'cận dưới', đảm bảo không vượt quá giá trị tốt nhất có thể đạt được nếu ta tiếp tục phát triển phương án bộ phận đó thành phương án hoàn chỉnh.
qa_0343;hoi_noi_dung_dinh_ly;to_hop_chung;Phát biểu bài toán Cái túi (Knapsack Problem)?;Một nhà thám hiểm cần chọn n đồ vật mang theo trong cái túi có trọng lượng tối đa b. Mỗi đồ vật j có trọng lượng aj và giá trị sử dụng cj. Tìm phương án chọn (biểu diễn bằng vecto nhị phân x) sao cho tổng trọng lượng không vượt quá b và tổng giá trị sử dụng là lớn nhất (max).
qa_0344;hoi_noi_dung_dinh_ly;to_hop_chung;Phát biểu bài toán Đóng thùng (Bin Packing Problem)?;Có n đồ vật với trọng lượng w1, w2, ..., wn cần xếp vào các thùng có cùng dung lượng b. Bài toán yêu cầu tìm cách xếp sao cho số lượng thùng cần sử dụng là ít nhất (min).
qa_0347;hoi_noi_dung_dinh_ly;to_hop_chung;Phát biểu bài toán Cho thuê máy (Job Scheduling on Single Machine)?;Một ông chủ có 1 cái máy cho m khách hàng thuê, mỗi khách hàng i yêu cầu một tập các ngày Ni. Ông chủ cần chọn các yêu cầu sao cho các tập ngày của những người được chọn không giao nhau và tổng số ngày sử dụng máy là lớn nhất (max).
qa_0349;hoi_noi_dung_dinh_ly;to_hop_chung;Phát biểu bài toán Lập lịch (Flow Shop Scheduling)?;Cần gia công n chi tiết trên m máy theo thứ tự nhất định. Biết thời gian gia công chi tiết Di trên máy Mj là tij. Tìm lịch trình (trình tự gia công) sao cho thời gian hoàn thành tất cả các chi tiết là sớm nhất (min).
qa_0350;hoi_khai_niem;to_hop_chung;Lý thuyết lập lịch (Scheduling Theory) nghiên cứu về điều gì?;Là một lĩnh vực riêng của tối ưu hóa tổ hợp, nghiên cứu cách sắp xếp các công việc trên các tài nguyên (máy móc) thỏa mãn các ràng buộc về thời gian, trình tự và tài nguyên để tối ưu hóa một mục tiêu nào đó.
qa_0003;hoi_dinh_nghia;tong_quan_to_hop;Thế nào được gọi là một cấu hình tổ hợp?;Mỗi cách phân bố các phần tử thỏa mãn những điều kiện nhất định được gọi là một cấu hình tổ hợp.
qa_0008;hoi_ung_dung;tong_quan_to_hop;Mục tiêu của bài toán liệt kê là gì?;Bài toán liệt kê quan tâm đến việc đưa ra tất cả các cấu hình có thể có được.
qa_0009;hoi_khai_niem;tong_quan_to_hop;Lời giải của bài toán liệt kê thường được biểu diễn dưới dạng nào?;Lời giải được biểu diễn dưới dạng thuật toán vét cạn tất cả các cấu hình.
qa_0010;hoi_khai_niem;tong_quan_to_hop;Dạng bài toán nào làm nền cho nhiều bài toán khác trong tổ hợp?;Bài toán liệt kê được dùng làm nền cho nhiều bài toán khác.
qa_0012;hoi_khai_niem;tong_quan_to_hop;Bài toán tối ưu quan tâm đến điều gì?;Bài toán tối ưu chỉ quan tâm đến một cấu hình tốt nhất theo một nghĩa nào đó.
qa_0013;hoi_ung_dung;tong_quan_to_hop;Bài toán tồn tại nhằm mục đích gì?;Bài toán tồn tại nhằm xác định có hay không có một cấu hình thỏa mãn điều kiện.
qa_0014;hoi_ly_do;tong_quan_to_hop;Tại sao bài toán tồn tại thường gây khó khăn trong lịch sử toán học?;Vì đôi khi không chỉ ra được cấu hình cụ thể nhưng cũng không khẳng định được chúng không tồn tại.
qa_0118;hoi_ky_hieu;tong_quan_to_hop;Ký hiệu Dn, Un trong ảnh thường đại diện cho điều gì?;Đây là các ký hiệu thường dùng để chỉ kết quả của một dãy số hoặc một cấu hình tổ hợp phụ thuộc vào tham số n.
qa_0185;hoi_khai_niem;tong_quan_to_hop;Một cấu hình tổ hợp nổi tiếng nào được dùng làm thí dụ cho phương pháp liệt kê?;Đó là các hình chữ nhật La-tinh.
qa_0194;hoi_ly_do;tong_quan_to_hop;Tại sao việc chỉ ra sự tồn tại của một cấu hình tổ hợp lại khó khăn?;Vì trong nhiều trường hợp, việc tính toán mọi khả năng để khẳng định sự tồn tại là cực kỳ phức tạp hoặc không thể thực hiện trực tiếp.
qa_0195;hoi_dinh_nghia;tong_quan_to_hop;Một ví dụ thực tế về bài toán tồn tại trong trò chơi trí tuệ là gì?;Ví dụ về một kỳ thủ cần tính toán các nước đi để xem liệu có khả năng thắng (tồn tại nước đi thắng) hay không.
qa_0196;hoi_khai_niem;tong_quan_to_hop;Trong lĩnh vực mật mã, bài toán tồn tại xuất hiện như thế nào?;Xuất hiện khi người giải mật mã cần tìm chìa khóa để xác định liệu bức điện có thực sự được mã hóa hay chỉ là giả mạo.
qa_0197;hoi_dinh_nghia;tong_quan_to_hop;Các bài toán xét sự tồn tại của các cấu hình tổ hợp với tính chất cho trước được gọi là gì?;Được gọi là các bài toán tồn tại tổ hợp.
qa_0198;hoi_khai_niem;tong_quan_to_hop;Một bài toán tồn tại tổ hợp được xem là giải xong khi nào?;Khi hoặc chỉ ra được một cách xây dựng cấu hình, hoặc chứng minh được rằng chúng không tồn tại.
qa_0199;hoi_ly_do;tong_quan_to_hop;Tại sao việc giải bài toán tồn tại tổ hợp thường không dễ dàng?;Vì cả hai khả năng (xây dựng cấu hình hoặc chứng minh không tồn tại) đều đòi hỏi những phương pháp tư duy và chứng minh phức tạp.
qa_0200;hoi_ung_dung;tong_quan_to_hop;Mục tiêu của việc xét các bài toán tồn tại tổ hợp cổ điển là gì?;Để thấy rõ sự phức tạp của vấn đề và học hỏi các kỹ thuật chứng minh sự tồn tại.
qa_0202;hoi_khai_niem;tong_quan_to_hop;Trong bài toán tồn tại, nếu không xây dựng được cấu hình cụ thể, ta có thể làm gì?;Ta phải sử dụng các phương pháp chứng minh gián tiếp để khẳng định sự tồn tại hoặc không tồn tại của nó.
qa_0203;hoi_ung_dung;tong_quan_to_hop;Phương pháp phản chứng thường được dùng để giải quyết loại bài toán nào trong tổ hợp?;Phương pháp phản chứng là một trong những cách dùng để giải quyết các bài toán tồn tại tổ hợp.
qa_0205;hoi_dinh_nghia;tong_quan_to_hop;Trong bài toán tồn tại, việc giả thiết điều định chứng minh là sai có nghĩa là gì?;Nghĩa là giả thiết rằng không tồn tại bất kỳ cấu hình nào thỏa mãn tính chất cho trước.
qa_0207;hoi_ly_do;tong_quan_to_hop;Tại sao phương pháp phản chứng lại hiệu quả trong bài toán tồn tại tổ hợp?;Vì việc chứng minh trực tiếp sự tồn tại đôi khi rất khó, trong khi việc giả thiết 'không tồn tại' giúp tận dụng được nhiều tính chất toán học để chỉ ra sự vô lý.
qa_0219;hoi_ly_do;tong_quan_to_hop;Tại sao nguyên lý Dirichlet được coi là nguyên lý 'đơn giản'?;Vì phát biểu của nó mang tính hiển nhiên về mặt số lượng, nhưng lại có sức mạnh rất lớn trong việc chứng minh các bài toán tồn tại phức tạp.
qa_0223;hoi_khai_niem;tong_quan_to_hop;Sự tồn tại của các cấu hình tổ hợp thường phụ thuộc vào yếu tố nào?;Thường phụ thuộc vào một số điều kiện ràng buộc các tham số ban đầu.
qa_0224;hoi_ung_dung;tong_quan_to_hop;Mục tiêu của bài toán hệ đại diện phân biệt là gì?;Là minh họa cho hướng giải quyết tìm kiếm các điều kiện ràng buộc để khẳng định sự tồn tại của cấu hình tổ hợp.
qa_0310;hoi_dinh_nghia;tong_quan_to_hop;Hai điều kiện cần thiết để áp dụng phương pháp sinh giải bài toán liệt kê tổ hợp là gì?;Một là có thể xác định được một thứ tự trên tập các cấu hình cần liệt kê (từ đó xác định được cấu hình đầu tiên và cuối cùng). Hai là xây dựng được thuật toán sinh kế tiếp để từ một cấu hình chưa phải cuối cùng đưa ra được cấu hình ngay sau nó.
qa_0321;hoi_khai_niem;tong_quan_to_hop;Cấu trúc của đoạn chương trình chính để giải bài toán liệt kê bằng thuật toán quay lui bao gồm những gì?;Bao gồm một khối lệnh chính thực hiện hai bước: gọi thủ tục khởi tạo Init và sau đó bắt đầu lời gọi đệ quy đầu tiên Try(1).
qa_0327;hoi_khai_niem;tong_quan_to_hop;Bài toán tối ưu tổ hợp xuất hiện trong tình huống thực tế nào?;Xuất hiện khi các cấu hình tổ hợp được gán cho một giá trị (giá trị sử dụng), và ta cần lựa chọn cấu hình có giá trị sử dụng tốt nhất trong số các cấu hình chấp nhận được.
qa_0328;hoi_noi_dung_dinh_ly;tong_quan_to_hop;Phát biểu tổng quát của bài toán tối ưu tổ hợp là gì?;Tìm cực tiểu (hay cực đại) của phiếm hàm f(x) tiến tới min (hoặc max), với điều kiện x thuộc tập D (trong đó D là tập hữu hạn phần tử).
qa_0329;hoi_dinh_nghia;tong_quan_to_hop;Trong bài toán tối ưu, hàm f(x) và các phần tử x được gọi là gì?;Hàm f(x) được gọi là hàm mục tiêu của bài toán, mỗi phần tử x thuộc D được gọi là một phương án.
qa_0333;hoi_dinh_nghia;tong_quan_to_hop;Nguyên tắc cơ bản của phương pháp duyệt toàn bộ để giải bài toán tối ưu tổ hợp là gì?;Dựa trên các thuật toán liệt kê để duyệt qua từng phương án của bài toán, tính giá trị hàm mục tiêu tại mỗi phương án, sau đó so sánh tất cả để tìm ra phương án tối ưu.
qa_0335;hoi_khai_niem;tong_quan_to_hop;Làm thế nào để hy vọng giải được các bài toán tối ưu tổ hợp thực tế thay vì dùng duyệt toàn bộ?;Cần phải nghiên cứu kỹ tính chất của bài toán tối ưu cụ thể để xây dựng những thuật toán hiệu quả hơn nhằm hạn chế phạm vi tìm kiếm.
qa_0338;hoi_dinh_nghia;tong_quan_to_hop;Mô hình tổng quát của bài toán tối ưu tổ hợp mà thuật toán nhánh cận áp dụng là gì?;Là bài toán tìm giá trị nhỏ nhất (min) của hàm f(x) với x thuộc tập hữu hạn D.
id;intent;topic;question;answer
qa_0086;hoi_dinh_nghia;xau_ky_tu;Một kết quả thú vị trong số học rút ra từ công thức tổ hợp là gì?;Tích của k số tự nhiên liên tiếp bao giờ cũng chia hết cho k!.
qa_0117;hoi_dinh_nghia;xau_ky_tu;Sự khác biệt giữa công thức trực tiếp và công thức truy hồi là gì?;Công thức trực tiếp tính ngay kết quả từ n, còn công thức truy hồi tính kết quả của n thông qua kết quả của các số nhỏ hơn (n-1, n-2,...).
qa_0147;hoi_cong_thuc;xau_ky_tu;Công thức nghiệm tổng quát an = α1 * r0^n + α2 * n * r0^n áp dụng cho n bắt đầu từ đâu?;Áp dụng cho n = 0, 1, 2, ...
qa_0162;hoi_dinh_nghia;xau_ky_tu;Định nghĩa hàm sinh g(x) của dãy số {hn} là gì?;Hàm sinh g(x) là chuỗi vô hạn có dạng g(x) = h0 + h1*x + h2*x^2 + ...
qa_0163;hoi_cong_thuc;xau_ky_tu;Công thức tổng quát của hàm sinh g(x) sử dụng ký hiệu tổng (sigma) là gì?;g(x) bằng tổng của hi * x^i với i chạy từ 0 đến vô cùng.
qa_0182;hoi_dinh_nghia;xau_ky_tu;Trong công thức tích Cô-si, giới hạn của chỉ số i trong tổng tính ck là gì?;Chỉ số i chạy từ 0 đến k.
qa_0204;hoi_dinh_nghia;xau_ky_tu;Nguyên lý cơ bản của lập luận phản chứng là gì?;Giả thiết điều định chứng minh là sai, từ đó dẫn đến mâu thuẫn.
qa_0206;hoi_he_qua;xau_ky_tu;Kết quả cuối cùng của một lập luận phản chứng đúng là gì?;Phát hiện ra một sự mâu thuẫn logic, từ đó khẳng định giả thiết ban đầu là sai và điều cần chứng minh là đúng.
qa_0208;hoi_khai_niem;xau_ky_tu;Mâu thuẫn trong phương pháp phản chứng thường xuất hiện ở đâu?;Thường xuất hiện giữa kết quả suy luận từ giả thiết sai và một định lý, nguyên lý hoặc một giả thiết đề bài đã cho trước.
qa_0222;hoi_dinh_nghia;xau_ky_tu;Mối liên hệ giữa số lượng đối tượng và số lượng hộp trong nguyên lý cơ bản là gì?;Số đối tượng phải lớn hơn số hộp (n + 1 đối tượng cho n hộp) để đảm bảo có ít nhất một hộp chứa từ 2 đối tượng trở lên.
qa_0246;hoi_noi_dung_dinh_ly;xau_ky_tu;Nội dung của Định lý Ramsey (Định lý 1)?;Với mọi cặp số nguyên dương i >= 2, j >= 2, luôn luôn tìm được một số nguyên dương có tính chất (i,j)-Ramsey (từ đó khẳng định số R(i,j) luôn tồn tại).
qa_0271;hoi_khai_niem;xau_ky_tu;Nguồn gốc tên gọi 'Thuật toán' (Algorithm) bắt nguồn từ đâu?;Bắt nguồn từ tên của nhà toán học thế kỷ thứ IX: Abu Ja'fa Mohammed ibn Musa al-Khowarizmi.
qa_0273;hoi_khai_niem;xau_ky_tu;Đặc trưng 'Đầu vào' (Input) của thuật toán được hiểu như thế nào?;Thuật toán nhận dữ liệu vào từ một tập nào đó làm nền tảng để xử lý.
qa_0277;hoi_khai_niem;xau_ky_tu;Đặc trưng 'Đơn trị' (Uniqueness) của thuật toán quy định điều gì về kết quả trung gian?;Quy định các kết quả trung gian của từng bước phải được xác định một cách đơn trị, chỉ phụ thuộc vào đầu vào và kết quả của các bước trước đó.
qa_0302;hoi_dinh_nghia;xau_ky_tu;Ý nghĩa của Mệnh đề 1 trong việc đánh giá độ phức tạp của thuật toán Euclide là gì?;Mệnh đề này giúp thiết lập giới hạn dưới cho các số a và b dựa trên số bước thực hiện của thuật toán, từ đó có thể suy ra thời gian tính tồi nhất của thuật toán Euclide chỉ ở mức logarit.
qa_0311;hoi_ung_dung;xau_ky_tu;Thuật toán sinh kế tiếp đóng vai trò gì trong phương pháp sinh?;Đóng vai trò là công cụ để chuyển đổi từ cấu hình hiện tại sang cấu hình tiếp theo dựa trên thứ tự đã xác định trước đó.
qa_0319;hoi_dieu_kien;xau_ky_tu;Điều kiện 'chấp nhận j' trong thuật toán quay lui thường phụ thuộc vào những yếu tố nào?;Ngoài việc phụ thuộc vào bản thân giá trị j, nó còn phụ thuộc vào việc đã chọn các khả năng tại các bước trước đó (từ bước 1 đến i-1).
qa_0346;hoi_ly_do;xau_ky_tu;Tại sao trong bài toán Người du lịch, ta chỉ xét (n-1)! hành trình thực sự khác nhau?;Vì người du lịch có thể xuất phát từ một thành phố bất kỳ, nên ta có thể cố định một thành phố làm điểm xuất phát, dẫn đến số hành trình cần xét giảm từ n! xuống còn (n-1)!.
qa_0500;hoi_dinh_nghia;dai_so_menh_de;Mệnh đề là gì?;Mệnh đề là một câu khẳng định có giá trị đúng hoặc sai, không thể vừa đúng vừa sai.
qa_0501;hoi_khai_niem;dai_so_menh_de;Phép kéo theo (p → q) có giá trị sai khi nào?;Phép kéo theo p → q chỉ sai khi p đúng và q sai. Tất cả các trường hợp khác đều cho giá trị đúng.
qa_0502;hoi_dinh_nghia;dai_so_menh_de;Thế nào là một hằng đúng (tautology)?;Hằng đúng là mệnh đề hợp thành luôn có giá trị đúng với mọi giá trị chân lý của các biến mệnh đề thành phần.
qa_0503;hoi_dinh_nghia;dai_so_menh_de;Thế nào là một hằng sai (contradiction)?;Hằng sai là mệnh đề hợp thành luôn có giá trị sai với mọi giá trị chân lý của các biến mệnh đề thành phần.
qa_0504;hoi_cong_thuc;dai_so_menh_de;Luật De Morgan cho phép phủ định phép hội được viết như thế nào?;¬(p ∧ q) ≡ ¬p ∨ ¬q. Nghĩa là phủ định của phép hội bằng phép tuyển của các phủ định.
qa_0505;hoi_cong_thuc;dai_so_menh_de;Luật De Morgan cho phép phủ định phép tuyển được viết như thế nào?;¬(p ∨ q) ≡ ¬p ∧ ¬q. Nghĩa là phủ định của phép tuyển bằng phép hội của các phủ định.
qa_0506;hoi_khai_niem;dai_so_menh_de;Hai mệnh đề được gọi là tương đương khi nào?;Hai mệnh đề p và q tương đương (p ≡ q) khi chúng có cùng giá trị chân lý trong mọi trường hợp.
qa_0507;hoi_dinh_nghia;dai_so_menh_de;Lượng từ với mọi (∀) được hiểu như thế nào?;∀x P(x) có nghĩa là mệnh đề P(x) đúng với mọi giá trị x trong miền xác định.
qa_0508;hoi_dinh_nghia;dai_so_menh_de;Lượng từ tồn tại (∃) được hiểu như thế nào?;∃x P(x) có nghĩa là tồn tại ít nhất một giá trị x trong miền xác định mà P(x) đúng.
qa_0509;hoi_cong_thuc;dai_so_menh_de;Phủ định của lượng từ với mọi được chuyển đổi như thế nào?;¬(∀x P(x)) ≡ ∃x ¬P(x). Phủ định của "với mọi x, P(x) đúng" là "tồn tại x sao cho P(x) sai".
qa_0510;hoi_dinh_nghia;ly_thuyet_do_thi;Thế nào là đồ thị đều?;Đồ thị đều là đồ thị mà mọi đỉnh đều có cùng bậc. Đồ thị có mọi đỉnh bậc k được gọi là đồ thị k-đều.
qa_0511;hoi_dinh_nghia;ly_thuyet_do_thi;Đường đi Euler là gì?;Đường đi Euler là đường đi đi qua mỗi cạnh của đồ thị đúng một lần.
qa_0512;hoi_dieu_kien;ly_thuyet_do_thi;Điều kiện cần và đủ để đồ thị vô hướng liên thông có chu trình Euler là gì?;Đồ thị vô hướng liên thông có chu trình Euler khi và chỉ khi mọi đỉnh đều có bậc chẵn.
qa_0513;hoi_dieu_kien;ly_thuyet_do_thi;Điều kiện để đồ thị vô hướng liên thông có đường đi Euler là gì?;Đồ thị vô hướng liên thông có đường đi Euler khi và chỉ khi có đúng 2 đỉnh bậc lẻ.
qa_0514;hoi_dinh_nghia;ly_thuyet_do_thi;Đường đi Hamilton là gì?;Đường đi Hamilton là đường đi đi qua mỗi đỉnh của đồ thị đúng một lần.
qa_0515;hoi_dinh_nghia;ly_thuyet_do_thi;Chu trình Hamilton là gì?;Chu trình Hamilton là chu trình đi qua mỗi đỉnh của đồ thị đúng một lần rồi quay về đỉnh xuất phát.
qa_0516;hoi_noi_dung_dinh_ly;ly_thuyet_do_thi;Nội dung định lý Dirac về chu trình Hamilton là gì?;Nếu G là đơn đồ thị vô hướng có n đỉnh (n ≥ 3) và bậc mỗi đỉnh ≥ n/2, thì G có chu trình Hamilton.
qa_0517;hoi_dinh_nghia;ly_thuyet_do_thi;Cây (tree) là gì?;Cây là đồ thị vô hướng liên thông không có chu trình.
qa_0518;hoi_khai_niem;ly_thuyet_do_thi;Cây có n đỉnh thì có bao nhiêu cạnh?;Cây có n đỉnh luôn có đúng n - 1 cạnh.
qa_0519;hoi_dinh_nghia;ly_thuyet_do_thi;Thế nào là cây khung (spanning tree) của đồ thị?;Cây khung của đồ thị G là cây con chứa tất cả các đỉnh của G và là đồ thị con của G.
qa_0520;hoi_khai_niem;ly_thuyet_do_thi;Thuật toán Kruskal dùng để giải bài toán gì?;Thuật toán Kruskal dùng để tìm cây khung nhỏ nhất của đồ thị có trọng số bằng cách chọn cạnh có trọng số nhỏ nhất mà không tạo chu trình.
qa_0521;hoi_khai_niem;ly_thuyet_do_thi;Thuật toán Prim dùng để giải bài toán gì?;Thuật toán Prim dùng để tìm cây khung nhỏ nhất bằng cách bắt đầu từ một đỉnh và mở rộng cây bằng cạnh có trọng số nhỏ nhất nối đến đỉnh chưa thuộc cây.
qa_0522;hoi_dinh_nghia;ly_thuyet_do_thi;Đồ thị Euler là gì?;Đồ thị Euler là đồ thị có chu trình Euler, tức là tồn tại một chu trình đi qua mỗi cạnh đúng một lần.
qa_0523;hoi_dinh_nghia;ly_thuyet_do_thi;Ma trận kề của đồ thị là gì?;Ma trận kề A của đồ thị G có n đỉnh là ma trận vuông n×n, trong đó A[i][j] = 1 nếu có cạnh nối đỉnh i với đỉnh j, bằng 0 nếu ngược lại.
qa_0524;hoi_khai_niem;ly_thuyet_do_thi;Thuật toán Dijkstra giải quyết bài toán gì?;Thuật toán Dijkstra tìm đường đi ngắn nhất từ một đỉnh nguồn đến tất cả các đỉnh còn lại trong đồ thị có trọng số không âm.
qa_0525;hoi_dinh_nghia;ly_thuyet_tap_hop;Tập lũy thừa (power set) của tập A là gì?;Tập lũy thừa P(A) là tập hợp chứa tất cả các tập con của A, bao gồm cả tập rỗng và chính A.
qa_0526;hoi_cong_thuc;ly_thuyet_tap_hop;Số phần tử của tập lũy thừa P(A) khi A có n phần tử là bao nhiêu?;Số phần tử của P(A) là 2^n.
qa_0527;hoi_dinh_nghia;ly_thuyet_tap_hop;Quan hệ tương đương là gì?;Quan hệ R trên tập A là quan hệ tương đương nếu nó có tính phản xạ, đối xứng và bắc cầu.
qa_0528;hoi_dinh_nghia;ly_thuyet_tap_hop;Lớp tương đương của phần tử a là gì?;Lớp tương đương của a (ký hiệu [a]) là tập hợp tất cả các phần tử b trong A sao cho a có quan hệ R với b.
qa_0529;hoi_dinh_nghia;ly_thuyet_tap_hop;Quan hệ thứ tự bộ phận là gì?;Quan hệ R trên tập A là quan hệ thứ tự bộ phận nếu nó có tính phản xạ, phản đối xứng và bắc cầu.
qa_0530;hoi_dinh_nghia;ly_thuyet_tap_hop;Hàm đơn ánh (injection) là gì?;Hàm f: A → B là đơn ánh nếu với mọi a1, a2 thuộc A mà a1 ≠ a2 thì f(a1) ≠ f(a2).
qa_0531;hoi_dinh_nghia;ly_thuyet_tap_hop;Hàm toàn ánh (surjection) là gì?;Hàm f: A → B là toàn ánh nếu với mọi b thuộc B, tồn tại ít nhất một a thuộc A sao cho f(a) = b.
qa_0532;hoi_dinh_nghia;ly_thuyet_tap_hop;Hàm song ánh (bijection) là gì?;Hàm f: A → B là song ánh nếu nó vừa là đơn ánh vừa là toàn ánh.
qa_0533;hoi_cong_thuc;nguyen_ly_dem;Công thức tính số tổ hợp lặp chập k của n phần tử là gì?;Số tổ hợp lặp chập k của n phần tử bằng C(k, n+k-1) = (n+k-1)! / (k! * (n-1)!).
qa_0534;hoi_khai_niem;nguyen_ly_dem;Nguyên lý bao hàm - loại trừ cho 2 tập hợp được phát biểu thế nào?;|A ∪ B| = |A| + |B| - |A ∩ B|. Ta cộng hai tập rồi trừ đi phần giao vì phần giao đã bị đếm hai lần.
qa_0535;hoi_cong_thuc;nguyen_ly_dem;Công thức tính số phần tử không thuộc tập nào trong m tập con của X là gì?;|X| - |A1 ∪ A2 ∪ ... ∪ Am| = |X| - N1 + N2 - N3 + ... + (-1)^m * Nm, theo nguyên lý bù trừ.
qa_0536;hoi_ung_dung;nguyen_ly_dem;Bài toán xáo trộn (derangement) là gì?;Bài toán xáo trộn đếm số hoán vị mà không phần tử nào ở vị trí ban đầu. Số xáo trộn Dn = n! * (1 - 1/1! + 1/2! - 1/3! + ... + (-1)^n/n!).
qa_0537;hoi_cong_thuc;nguyen_ly_dem;Công thức nhị thức Newton là gì?;(a + b)^n = tổng C(k,n) * a^(n-k) * b^k với k chạy từ 0 đến n.
qa_0538;hoi_khai_niem;nguyen_ly_dem;Hệ số nhị thức C(k,n) có tính chất đối xứng gì?;C(k,n) = C(n-k,n). Ví dụ C(2,5) = C(3,5) = 10.
qa_0539;hoi_cong_thuc;nguyen_ly_dem;Tam giác Pascal là gì và cách xây dựng?;Tam giác Pascal là bảng các hệ số nhị thức, mỗi số bằng tổng hai số phía trên nó: C(k,n) = C(k-1,n-1) + C(k,n-1).
qa_0540;hoi_dinh_nghia;quan_he_anh_xa;Quan hệ phản xạ là gì?;Quan hệ R trên tập A là phản xạ nếu với mọi a thuộc A, ta có (a, a) thuộc R, tức mọi phần tử đều có quan hệ với chính nó.
qa_0541;hoi_dinh_nghia;quan_he_anh_xa;Quan hệ phản đối xứng là gì?;Quan hệ R trên tập A là phản đối xứng nếu với mọi a, b: nếu (a,b) thuộc R và (b,a) thuộc R thì a = b.
qa_0542;hoi_dinh_nghia;quan_he_anh_xa;Bao đóng bắc cầu của quan hệ R là gì?;Bao đóng bắc cầu là quan hệ nhỏ nhất chứa R và có tính bắc cầu. Có thể tính bằng thuật toán Warshall.
qa_0543;hoi_khai_niem;quan_he_anh_xa;Thuật toán Warshall dùng để làm gì?;Thuật toán Warshall tính bao đóng bắc cầu của quan hệ bằng cách cập nhật ma trận quan hệ qua n bước lặp.
qa_0544;hoi_dinh_nghia;quan_he_anh_xa;Phân hoạch của tập hợp A là gì?;Phân hoạch là cách chia A thành các tập con không rỗng, đôi một không giao nhau, và hợp lại bằng chính A.
qa_0545;hoi_cong_thuc;to_hop_chinh_hop_hoan_vi;Hoán vị lặp của n phần tử với n1 phần tử loại 1, n2 phần tử loại 2, ..., nk phần tử loại k được tính thế nào?;Số hoán vị lặp bằng n! / (n1! * n2! * ... * nk!), trong đó n = n1 + n2 + ... + nk.
qa_0546;hoi_ung_dung;to_hop_chinh_hop_hoan_vi;Hoán vị lặp có ứng dụng thực tế gì?;Dùng để đếm số cách sắp xếp các đối tượng khi có phần tử lặp, ví dụ số cách sắp xếp các chữ cái trong từ MISSISSIPPI = 11!/(4!*4!*2!*1!).
qa_0547;hoi_cong_thuc;to_hop_chinh_hop_hoan_vi;Công thức tính chỉnh hợp không lặp dùng giai thừa là gì?;A(k,n) = n! / (n-k)!.
qa_0548;hoi_khai_niem;nhi_thuc_to_hop;Tính chất C(k,n) = C(k-1,n-1) + C(k,n-1) được gọi là gì?;Được gọi là hệ thức Pascal, là cơ sở để xây dựng tam giác Pascal.
qa_0549;hoi_cong_thuc;nhi_thuc_to_hop;Tổng tất cả các hệ số nhị thức C(0,n) + C(1,n) + ... + C(n,n) bằng bao nhiêu?;Tổng bằng 2^n, suy ra từ khai triển nhị thức (1+1)^n.
